-- phpMyAdmin SQL Dump
-- version 4.9.1
-- https://www.phpmyadmin.net/
--
-- 主機： localhost
-- 產生時間： 2020 年 08 月 19 日 04:42
-- 伺服器版本： 5.7.24-log
-- PHP 版本： 7.3.11

SET SQL_MODE = "NO_AUTO_VALUE_ON_ZERO";
SET AUTOCOMMIT = 0;
START TRANSACTION;
SET time_zone = "+00:00";


/*!40101 SET @OLD_CHARACTER_SET_CLIENT=@@CHARACTER_SET_CLIENT */;
/*!40101 SET @OLD_CHARACTER_SET_RESULTS=@@CHARACTER_SET_RESULTS */;
/*!40101 SET @OLD_COLLATION_CONNECTION=@@COLLATION_CONNECTION */;
/*!40101 SET NAMES utf8mb4 */;

--
-- 資料庫： `cmsdb`
--

-- --------------------------------------------------------

--
-- 資料表結構 `acceptance`
--

CREATE TABLE `acceptance` (
  `accept_id` int(11) NOT NULL,
  `accept_std_id` int(11) NOT NULL,
  `accept_hw_id` int(11) NOT NULL,
  `accept_state` tinyint(1) NOT NULL,
  `accept_time` timestamp NULL DEFAULT NULL,
  `accept_score` int(11) DEFAULT NULL,
  `accept_content` varchar(50) CHARACTER SET utf8mb4 DEFAULT NULL,
  `accept_tag` tinyint(1) DEFAULT '0',
  `accept_done` tinyint(1) DEFAULT '0'
) ENGINE=InnoDB DEFAULT CHARSET=utf8;

--
-- 傾印資料表的資料 `acceptance`
--

INSERT INTO `acceptance` (`accept_id`, `accept_std_id`, `accept_hw_id`, `accept_state`, `accept_time`, `accept_score`, `accept_content`, `accept_tag`, `accept_done`) VALUES
(1, 406401628, 1, 0, '2020-04-07 13:47:13', 80, NULL, 0, 1),
(8, 406401616, 1, 0, '2020-05-07 13:16:43', 20, NULL, 0, 1),
(16, 406401616, 13, 0, '2020-04-07 13:47:13', 58, NULL, 0, 1),
(17, 406401599, 1, 0, '2020-05-04 09:26:25', 80, NULL, 0, 0),
(19, 406401109, 1, 0, '2020-05-07 12:52:29', 100, NULL, 0, 1),
(22, 406401109, 13, 0, '2020-05-07 12:54:30', 100, NULL, 0, 1),
(24, 406401599, 14, 0, '2020-05-07 15:29:56', 80, NULL, 0, 1),
(26, 406402488, 1, 0, '2020-05-13 13:28:26', 100, NULL, 0, 1),
(27, 111111111, 1, 0, '2020-05-13 13:31:51', 100, NULL, 0, 1),
(28, 406401000, 15, 0, '2020-05-14 14:42:17', 100, NULL, 0, 1),
(29, 406401109, 15, 0, '2020-05-14 15:01:31', 90, NULL, 0, 1),
(30, 406401628, 17, 0, '2020-05-14 16:35:54', 80, NULL, 0, 1),
(32, 406401616, 17, 0, '2020-05-14 16:36:04', 100, NULL, 0, 1),
(37, 406401599, 17, 0, '2020-05-15 11:01:45', 100, NULL, 0, 1),
(38, 406401599, 18, 0, '2020-05-15 11:02:53', 100, NULL, 0, 1),
(39, 406401000, 1, 0, '2020-05-16 05:41:52', 87, NULL, 0, 1),
(40, 406401000, 16, 0, '2020-05-16 05:41:35', NULL, NULL, 0, 0),
(41, 406401000, 14, 0, '2020-05-16 05:41:43', NULL, NULL, 0, 0),
(43, 406401520, 19, 0, '2020-05-19 11:34:33', 99, NULL, 0, 1),
(48, 406401599, 20, 0, '2020-05-19 13:46:27', 100, NULL, 0, 1),
(49, 406401616, 20, 0, '2020-05-19 13:46:31', 100, NULL, 0, 1),
(50, 406401628, 20, 0, '2020-05-19 13:46:35', 100, NULL, 0, 1),
(51, 406401202, 20, 0, '2020-05-19 13:46:39', 100, NULL, 0, 1),
(54, 406401202, 22, 0, '2020-05-20 05:54:29', 90, NULL, 0, 1),
(55, 406401109, 22, 1, '2020-06-07 12:04:41', 80, NULL, 0, 0),
(56, 406401628, 22, 0, '2020-05-20 05:53:12', NULL, NULL, 0, 0),
(58, 406401628, 23, 0, '2020-05-20 07:51:43', NULL, NULL, 0, 0),
(59, 406401616, 23, 0, '2020-05-20 07:51:44', NULL, NULL, 0, 0),
(63, 406401109, 20, 0, '2020-05-21 03:22:35', NULL, NULL, 0, 0),
(64, 406401202, 24, 0, '2020-05-21 04:13:38', 99, NULL, 0, 1),
(65, 406401109, 24, 0, '2020-05-21 04:13:12', NULL, NULL, 0, 0),
(66, 406401628, 24, 0, '2020-05-21 04:13:14', NULL, NULL, 0, 0),
(67, 406401616, 24, 0, '2020-05-21 04:13:16', NULL, NULL, 0, 0),
(68, 406401202, 25, 0, '2020-05-21 04:42:17', NULL, NULL, 0, 0),
(69, 406401616, 25, 0, '2020-05-21 04:42:24', NULL, NULL, 0, 0),
(70, 406401628, 25, 0, '2020-05-21 04:42:42', 90, NULL, 0, 1),
(71, 106331045, 20, 0, '2020-05-24 19:41:27', 100, NULL, 0, 1),
(73, 406401109, 17, 0, '2020-05-28 19:01:24', NULL, NULL, 0, 0),
(74, 106331045, 17, 0, '2020-05-28 19:12:10', NULL, NULL, 0, 0),
(75, 406401599, 22, 0, '2020-05-29 08:28:40', NULL, NULL, 0, 0),
(76, 406401616, 14, 0, '2020-05-30 08:57:30', NULL, NULL, 0, 0),
(77, 407470250, 17, 0, '2020-05-30 11:47:59', NULL, NULL, 0, 0),
(79, 407470250, 27, 0, '2020-05-30 12:07:08', NULL, NULL, 0, 0),
(80, 406412469, 27, 0, '2020-05-30 12:19:39', 100, NULL, 0, 1),
(82, 406401628, 16, 0, '2020-06-01 06:07:33', NULL, NULL, 0, 0),
(83, 406401202, 23, 0, '2020-06-02 16:57:57', NULL, NULL, 0, 0),
(84, 405401231, 27, 0, '2020-06-04 14:31:51', NULL, NULL, 0, 0);

-- --------------------------------------------------------

--
-- 資料表結構 `announcement`
--

CREATE TABLE `announcement` (
  `at_id` int(11) NOT NULL,
  `cs_id` varchar(26) NOT NULL,
  `at_title` varchar(50) CHARACTER SET utf8mb4 NOT NULL,
  `at_content` varchar(1000) CHARACTER SET utf8mb4 DEFAULT NULL,
  `at_posttime` timestamp NULL DEFAULT NULL
) ENGINE=InnoDB DEFAULT CHARSET=utf8;

--
-- 傾印資料表的資料 `announcement`
--

INSERT INTO `announcement` (`at_id`, `cs_id`, `at_title`, `at_content`, `at_posttime`) VALUES
(1, '10811000DMG741D7411023900', '微積分考試時程公告', '大家好，因疫情關係，微積分期末考原定日期將延後一週，請同學留意！', '2020-04-15 06:03:24'),
(6, '10811000DMG741D7411023900', '今天不用上課', '今天不用上課今天不用上課今天不用上課今天不用上課今天不用上課今天不用上課今天不用上課今天不用上課今天不用上課今天不用上課今天不用上課今天不用上課今天不用上課今天不用上課今天不用上課今天不用上課今天不用上課今天不用上課今天不用上課今天不用上課今天不用上課今天不用上課今天不用上課今天不用上課今天不用上課今天不用上課今天不用上課今天不用上課今天不用上課今天不用上課今天不用上課今天不用上課今天不用上課今天不用上課今天不用上課今天不用上課今天不用上課今天不用上課今天不用上課今天不用上課', '2020-05-14 14:39:32'),
(9, 'CSD129', 'os', 'os test', '2020-05-14 17:18:19'),
(12, 'CSD129', 'An Example of a Google Bar Chart', '請同學參考以下檔案：\nhttps://developers.google.com/chart/interactive/docs/gallery/barchart', '2020-05-15 09:14:52'),
(13, 'CSD129', 'Final exam', '大家都100分!!!', '2020-05-15 09:23:38'),
(16, 'CSD125', '大家好', 'c8c8', '2020-05-19 11:30:49'),
(17, 'CSD129', '驗收', '驗收了喔', '2020-05-19 13:43:02'),
(20, 'CSD131', '測試優', '123', '2020-05-20 04:32:14'),
(21, 'CS123', '楊家誠', '點名囉', '2020-05-20 06:15:09'),
(22, 'CS111', '驗收', '各位同學，五月二十要驗收囉！', '2020-05-20 07:55:05'),
(23, 'CS145', 'Csd', '123h', '2020-05-21 04:10:45'),
(24, 'Cs121', '從未', '我晚餐', '2020-05-21 04:40:30'),
(25, 'CSD421', '初體驗', '嗨 大家好', '2020-05-30 11:55:11'),
(26, 'CSD421', '5', '吧', '2020-06-01 07:29:06'),
(27, 'CSD421', '蔡佩蓁好正', '資管三甲蔡佩蓁是仙女:)', '2020-06-01 07:30:06'),
(28, '123ss', '❤️', '❤️', '2020-06-01 07:40:08'),
(29, '123ss', '😄', '😄', '2020-06-01 07:43:12'),
(30, '123ss', '💓😍💗😘', 'ㄨㄜㄨ', '2020-06-01 07:43:39'),
(31, 'CSD421', '🤩🚗🥳😨⌛️😨👃👏💦😘🛵🥰', '💻🥰😂😘😄😌🥳🤩', '2020-06-01 07:45:12'),
(32, 'CSD111', '老師開課啦', '嘿嘿', '2020-06-06 16:01:14'),
(33, 'CSD111', '老師好帥', '我誰', '2020-06-06 16:04:52');

-- --------------------------------------------------------

--
-- 資料表結構 `class`
--

CREATE TABLE `class` (
  `cs_id` char(26) NOT NULL,
  `cs_name` varchar(10) NOT NULL,
  `cs_photo` varchar(100) DEFAULT NULL,
  `cs_qrcode` varchar(30) DEFAULT NULL,
  `cs_close` tinyint(1) NOT NULL DEFAULT '0'
) ENGINE=InnoDB DEFAULT CHARSET=utf8;

--
-- 傾印資料表的資料 `class`
--

INSERT INTO `class` (`cs_id`, `cs_name`, `cs_photo`, `cs_qrcode`, `cs_close`) VALUES
('10811000DMG741D7411023900', '微積分', 'https://drive.google.com/file/d/1kBpn7-bbrCXU8y3A8C6fodwHXrsXWTtd/view?usp=sharing', NULL, 0),
('123ss', 'ssss', NULL, NULL, 0),
('CS111', '專題', NULL, '697901c4', 0),
('Cs121', '資安', NULL, 'f53076be', 0),
('CS123', '資訊專題1', NULL, '9d1d0a36', 0),
('CS145', 'Ddd', NULL, NULL, 0),
('CSD111', '私人家教', NULL, '60e914a5', 0),
('CSD125', 'Web程式設計', NULL, NULL, 0),
('CSD126', '經濟學', NULL, NULL, 0),
('CSD127', '系統分析', NULL, NULL, 0),
('CSD128', '作業系統', NULL, NULL, 0),
('CSD129', '作業系統2', NULL, '22b9e49d', 0),
('CSD131', '資料庫喔', NULL, NULL, 0),
('CSD150', 'DDDAAA', NULL, NULL, 1),
('CSD421', '台語課', NULL, '62a0197c', 0);

-- --------------------------------------------------------

--
-- 資料表結構 `class_student`
--

CREATE TABLE `class_student` (
  `cs_id` char(26) NOT NULL,
  `std_id` int(11) NOT NULL
) ENGINE=InnoDB DEFAULT CHARSET=utf8;

--
-- 傾印資料表的資料 `class_student`
--

INSERT INTO `class_student` (`cs_id`, `std_id`) VALUES
('CSD129', 106331045),
('CSD421', 405401231),
('10811000DMG741D7411023900', 406401000),
('CSD125', 406401000),
('CSD111', 406401103),
('10811000DMG741D7411023900', 406401109),
('CS111', 406401109),
('Cs121', 406401109),
('CS123', 406401109),
('CS145', 406401109),
('CSD125', 406401109),
('CSD126', 406401109),
('CSD127', 406401109),
('CSD129', 406401109),
('CS111', 406401202),
('Cs121', 406401202),
('CS123', 406401202),
('CS145', 406401202),
('CSD125', 406401202),
('CSD129', 406401202),
('CSD131', 406401202),
('CSD125', 406401520),
('10811000DMG741D7411023900', 406401599),
('CS123', 406401599),
('CSD111', 406401599),
('CSD125', 406401599),
('CSD126', 406401599),
('CSD128', 406401599),
('CSD129', 406401599),
('10811000DMG741D7411023900', 406401616),
('CS111', 406401616),
('Cs121', 406401616),
('CS145', 406401616),
('CSD125', 406401616),
('CSD126', 406401616),
('CSD128', 406401616),
('CSD129', 406401616),
('10811000DMG741D7411023900', 406401628),
('CS111', 406401628),
('Cs121', 406401628),
('CS123', 406401628),
('CS145', 406401628),
('CSD126', 406401628),
('CSD128', 406401628),
('CSD129', 406401628),
('CSD131', 406401628),
('10811000DMG741D7411023900', 406401632),
('10811000DMG741D7411023900', 406401654),
('10811000DMG741D7411023900', 406402488),
('CSD421', 406412469),
('CSD129', 407470250),
('CSD421', 407470250);

-- --------------------------------------------------------

--
-- 資料表結構 `class_teacher`
--

CREATE TABLE `class_teacher` (
  `cs_id` char(26) NOT NULL,
  `teacher_id` int(11) NOT NULL
) ENGINE=InnoDB DEFAULT CHARSET=utf8;

--
-- 傾印資料表的資料 `class_teacher`
--

INSERT INTO `class_teacher` (`cs_id`, `teacher_id`) VALUES
('CS111', 12345),
('CS123', 12345),
('CS145', 12345),
('10811000DMG741D7411023900', 16283),
('123ss', 16283),
('CSD125', 16283),
('CSD126', 16283),
('CSD127', 16283),
('CSD129', 16283),
('CSD150', 16283),
('CSD421', 16283),
('CSD131', 16666),
('CSD128', 22345),
('CSD111', 54321),
('Cs121', 98765);

-- --------------------------------------------------------

--
-- 資料表結構 `comment_box`
--

CREATE TABLE `comment_box` (
  `cb_id` int(11) NOT NULL,
  `q_id` int(11) NOT NULL,
  `std_id` int(11) DEFAULT NULL,
  `cb_content` varchar(300) NOT NULL,
  `cb_time` timestamp NOT NULL DEFAULT CURRENT_TIMESTAMP ON UPDATE CURRENT_TIMESTAMP,
  `cb_role` tinyint(1) NOT NULL
) ENGINE=InnoDB DEFAULT CHARSET=utf8;

--
-- 傾印資料表的資料 `comment_box`
--

INSERT INTO `comment_box` (`cb_id`, `q_id`, `std_id`, `cb_content`, `cb_time`, `cb_role`) VALUES
(1, 105, 406401616, '啊啊我會!', '2020-06-07 10:15:38', 0);

-- --------------------------------------------------------

--
-- 資料表結構 `homework`
--

CREATE TABLE `homework` (
  `hw_id` int(11) NOT NULL,
  `hw_name` varchar(30) NOT NULL,
  `hw_content` varchar(50) DEFAULT NULL,
  `hw_cs_id` char(26) NOT NULL,
  `hw_createtime` timestamp NULL DEFAULT NULL,
  `hw_closed` tinyint(1) DEFAULT '0'
) ENGINE=InnoDB DEFAULT CHARSET=utf8;

--
-- 傾印資料表的資料 `homework`
--

INSERT INTO `homework` (`hw_id`, `hw_name`, `hw_content`, `hw_cs_id`, `hw_createtime`, `hw_closed`) VALUES
(1, 'Database', '123', '10811000DMG741D7411023900', '2020-04-07 13:47:13', 0),
(13, 'Database2', 'gogogo', '10811000DMG741D7411023900', '2020-05-07 11:03:35', 0),
(14, 'ddd3', 'dddd3', '10811000DMG741D7411023900', '2020-05-07 15:28:54', 0),
(15, '程海綿', '無', '10811000DMG741D7411023900', '2020-05-14 14:41:40', 0),
(16, '我的作業', '今天可以回家嗎', '10811000DMG741D7411023900', '2020-05-14 15:12:55', 0),
(17, 'Os1', 'Practice', 'CSD129', '2020-05-14 16:03:38', 0),
(18, 'Os2', 'practice', 'CSD129', '2020-05-15 10:40:33', 0),
(19, '第一次作業', 'Hello world', 'CSD125', '2020-05-19 11:33:17', 0),
(20, 'OS3', 'test 考試喔!', 'CSD129', '2020-05-19 13:46:07', 0),
(22, '專題驗收', '同學，程式驗收啦', 'CS123', '2020-05-20 05:52:55', 0),
(23, '專題', '驗收囉各位', 'CS111', '2020-05-20 07:51:02', 0),
(24, 'He1', 'Error ', 'CS145', '2020-05-21 04:13:00', 0),
(25, '照鏡子', '在', 'Cs121', '2020-05-21 04:42:06', 0),
(26, 'Database', 'B', 'CSD128', '2020-05-30 08:56:26', 0),
(27, '測試', '義大利麵', 'CSD421', '2020-05-30 12:05:29', 0),
(28, '家人', '請大家介紹個字的家人們(*ˉ︶ˉ*)', 'CSD111', '2020-06-06 16:25:42', 0);

-- --------------------------------------------------------

--
-- 資料表結構 `question`
--

CREATE TABLE `question` (
  `q_id` int(11) NOT NULL,
  `q_std_id` int(11) NOT NULL,
  `q_content` text NOT NULL,
  `q_asktime` timestamp NULL DEFAULT NULL,
  `cs_id` char(26) NOT NULL,
  `q_solved` tinyint(1) DEFAULT '0',
  `q_role` tinyint(1) DEFAULT NULL
) ENGINE=InnoDB DEFAULT CHARSET=utf8;

--
-- 傾印資料表的資料 `question`
--

INSERT INTO `question` (`q_id`, `q_std_id`, `q_content`, `q_asktime`, `cs_id`, `q_solved`, `q_role`) VALUES
(1, 406401599, '老師我專題不會!!', '2020-04-10 06:33:32', '10811000DMG741D7411023900', 0, NULL),
(2, 406401628, '老師我是女生喔喔!!', '2020-04-03 08:35:40', '10811000DMG741D7411023900', 0, NULL),
(3, 406401616, '老師我專題不會!! 已die......', '2020-01-15 09:53:34', '10811000DMG741D7411023900', 0, NULL),
(30, 406401616, '老師我是誰', '2020-05-07 11:10:49', '10811000DMG741D7411023900', 0, NULL),
(31, 406401616, '請問今天要上課嗎', '2020-05-07 11:10:59', '10811000DMG741D7411023900', 0, NULL),
(32, 406401616, '什麼時候期中考', '2020-05-07 11:11:07', '10811000DMG741D7411023900', 0, NULL),
(33, 406401616, '期末考佔幾%', '2020-05-07 11:11:18', '10811000DMG741D7411023900', 0, NULL),
(34, 406401616, '要怎麼點名阿！', '2020-05-07 11:11:32', '10811000DMG741D7411023900', 0, NULL),
(35, 406401109, '好累喔', '2020-05-07 12:45:28', '10811000DMG741D7411023900', 0, NULL),
(36, 406401599, '專題', '2020-05-07 15:25:09', '10811000DMG741D7411023900', 1, NULL),
(37, 406401599, '嗨嗨', '2020-05-07 15:27:31', '10811000DMG741D7411023900', 1, NULL),
(38, 406401109, '蛤', '2020-05-14 14:42:41', '10811000DMG741D7411023900', 1, NULL),
(39, 406401616, '回家', '2020-05-14 16:05:55', '10811000DMG741D7411023900', 0, NULL),
(40, 406401628, '我是誰', '2020-05-14 16:06:28', '10811000DMG741D7411023900', 0, NULL),
(42, 406401599, 'qwertyuiop', '2020-05-14 16:23:52', 'CSD129', 1, NULL),
(43, 406401628, 'qwertyuiop', '2020-05-14 16:24:19', 'CSD129', 1, NULL),
(44, 406401616, '嗚嗚', '2020-05-14 16:25:43', 'CSD129', 0, NULL),
(45, 406401628, '123', '2020-05-14 16:26:54', 'CSD126', 0, NULL),
(46, 406401616, '嗚嗚', '2020-05-14 16:27:57', '10811000DMG741D7411023900', 0, NULL),
(47, 406401616, '呀', '2020-05-14 16:28:26', 'CSD128', 0, NULL),
(48, 406401628, '我改', '2020-05-14 16:28:28', 'CSD128', 0, NULL),
(49, 406401628, '我要問', '2020-05-14 16:29:22', 'CSD129', 1, NULL),
(50, 406401109, '講話啊 回答我問題啦', '2020-05-15 06:01:54', 'CSD129', 1, NULL),
(51, 406401000, '咪啊不會講話怎麼辦？', '2020-05-16 06:00:06', '10811000DMG741D7411023900', 1, NULL),
(52, 406401520, '123', '2020-05-19 11:30:17', 'CSD125', 1, NULL),
(53, 406401628, '我會歐趴嗎', '2020-05-19 13:44:40', 'CSD129', 1, NULL),
(54, 406401616, '專題會過嗎', '2020-05-19 13:46:19', 'CSD129', 1, NULL),
(55, 406401202, '老師老師 我有問題', '2020-05-19 13:46:25', 'CSD129', 0, NULL),
(59, 406401109, '我要問問題', '2020-05-20 05:41:57', 'CS123', 1, NULL),
(60, 406401202, '今天星期幾', '2020-05-20 05:41:58', 'CS123', 1, NULL),
(61, 406401628, '今天天氣如何', '2020-05-20 05:42:05', 'CS123', 1, NULL),
(64, 406401599, 'test', '2020-05-20 07:07:09', 'CSD129', 0, NULL),
(65, 406401628, '今天天氣如何', '2020-05-20 07:47:41', 'CS111', 1, NULL),
(66, 406401202, '今天星期幾', '2020-05-20 07:47:46', 'CS111', 1, NULL),
(67, 406401109, '我有問題', '2020-05-20 07:47:46', 'CS111', 0, NULL),
(75, 406401628, '今天天氣如何', '2020-05-21 04:11:50', 'CS145', 0, NULL),
(76, 406401616, '老師好！', '2020-05-21 04:11:51', 'CS145', 0, NULL),
(77, 406401109, '問題', '2020-05-21 04:11:56', 'CS145', 1, NULL),
(78, 406401202, '今天星期幾', '2020-05-21 04:12:01', 'CS145', 0, NULL),
(79, 406401628, '今天天氣如何', '2020-05-21 04:41:01', 'Cs121', 1, NULL),
(80, 406401616, '老師好', '2020-05-21 04:41:07', 'Cs121', 0, NULL),
(81, 406401202, '今天星期幾', '2020-05-21 04:41:07', 'Cs121', 0, NULL),
(82, 406401616, '嗚嗚嗚嗚', '2020-05-23 08:43:20', 'CS111', 0, NULL),
(83, 406401616, '嗚嗚', '2020-05-23 08:51:57', 'Cs121', 0, NULL),
(84, 406401616, '啊啊', '2020-05-23 08:52:13', 'Cs121', 0, NULL),
(85, 406401616, '我', '2020-05-23 08:52:54', 'CS111', 0, NULL),
(86, 406401616, '他', '2020-05-23 08:53:00', 'CS111', 0, NULL),
(87, 106331045, '嗨', '2020-05-28 19:21:37', 'CSD129', 0, NULL),
(88, 406401109, 'test喔喔喔', '2020-05-28 19:22:21', 'CSD129', 0, NULL),
(89, 406401628, '嗨嗨\n\n\n\n\n\n\n\n\n\n', '2020-05-29 06:19:44', '10811000DMG741D7411023900', 0, NULL),
(90, 406401628, '嗨', '2020-05-29 06:55:42', '10811000DMG741D7411023900', 0, NULL),
(94, 406401599, 'QQQ', '2020-05-29 07:23:17', '10811000DMG741D7411023900', 0, NULL),
(95, 406401599, 'aaaa', '2020-05-29 07:26:06', 'CS123', 0, NULL),
(97, 406401599, '111111', '2020-05-29 08:08:22', 'CSD128', 0, NULL),
(98, 406401628, '嗨嗨', '2020-05-29 08:09:10', 'Cs121', 0, NULL),
(99, 406401109, 'jsdalfjsaldkfjsld/kfjlsdfjlsdkfjslkdfjlskdjfs/ldfjslkdfjlksfdjl/skdfjsal/kdfjls/kadfjlk/sdjflk/sadfjlk/sdfjlsdfjlksadfjlksdfjlksdfjsadfjlsdjflksda/fjas/ldfjklasdf', '2020-05-30 10:13:11', 'CSD129', 0, NULL),
(100, 407470250, '所以咧', '2020-05-30 11:49:32', 'CSD129', 1, NULL),
(101, 407470250, '你好嗎', '2020-05-30 12:05:37', 'CSD421', 0, NULL),
(102, 406412469, '我帥嗎', '2020-05-30 12:51:32', 'CSD421', 1, NULL),
(103, 406401628, '問問題', '2020-06-01 23:20:19', 'CS111', 0, NULL),
(104, 406401109, '魔鏡阿魔鏡 誰是世界上最好看的人?', '2020-06-02 07:04:12', 'CSD129', 1, NULL),
(105, 406401616, '我要關閉提問啦', '2020-06-06 07:48:06', 'Cs121', 0, 0),
(106, 406401599, '我喜歡你', '2020-06-06 16:24:20', 'CSD111', 0, 0),
(107, 406401103, '我怎麼那麼好看', '2020-06-06 16:24:32', 'CSD111', 0, 0);

-- --------------------------------------------------------

--
-- 資料表結構 `rc_record`
--

CREATE TABLE `rc_record` (
  `record_id` int(100) NOT NULL,
  `rc_id` int(50) NOT NULL,
  `std_id` int(11) NOT NULL,
  `record_time` timestamp NOT NULL DEFAULT CURRENT_TIMESTAMP ON UPDATE CURRENT_TIMESTAMP,
  `tl_type_id` int(11) NOT NULL
) ENGINE=InnoDB DEFAULT CHARSET=utf8;

--
-- 傾印資料表的資料 `rc_record`
--

INSERT INTO `rc_record` (`record_id`, `rc_id`, `std_id`, `record_time`, `tl_type_id`) VALUES
(172, 68, 406401599, '2020-06-07 10:15:39', 1),
(174, 68, 406401628, '2020-06-07 10:15:39', 1),
(175, 69, 406401599, '2020-06-07 10:15:39', 1),
(176, 69, 406401616, '2020-06-07 10:15:39', 1),
(177, 69, 406401628, '2020-06-07 10:15:39', 1),
(178, 70, 406401599, '2020-06-07 10:15:39', 2),
(179, 70, 406401616, '2020-06-07 10:15:39', 0),
(180, 70, 406401628, '2020-06-07 10:15:39', 2),
(181, 71, 406401599, '2020-06-07 10:15:39', 2),
(182, 71, 406401616, '2020-06-07 10:15:39', 2),
(183, 71, 406401628, '2020-06-07 10:15:39', 1),
(192, 74, 406401109, '2020-06-07 10:15:39', 4),
(193, 74, 406401599, '2020-06-07 10:15:39', 4),
(194, 74, 406401616, '2020-06-07 10:15:39', 0),
(195, 74, 406401628, '2020-06-07 10:15:39', 0),
(196, 75, 406401109, '2020-06-07 10:15:39', 0),
(197, 75, 406401599, '2020-06-07 10:15:39', 0),
(198, 75, 406401616, '2020-06-07 10:15:39', 0),
(199, 75, 406401628, '2020-06-07 10:15:39', 0),
(200, 76, 406401109, '2020-06-07 10:15:39', 0),
(201, 76, 406401202, '2020-06-07 10:15:39', 0),
(202, 76, 406401599, '2020-06-07 10:15:39', 4),
(203, 76, 406401616, '2020-06-07 10:15:39', 0),
(204, 76, 406401628, '2020-06-07 10:15:39', 0),
(273, 89, 406401109, '2020-06-07 10:15:39', 0),
(274, 89, 406401202, '2020-06-07 10:15:39', 0),
(276, 89, 406401616, '2020-06-07 10:15:39', 0),
(277, 89, 406401628, '2020-06-07 10:15:39', 6),
(278, 89, 406401632, '2020-06-07 10:15:39', 0),
(279, 89, 406401654, '2020-06-07 10:15:39', 0),
(280, 89, 406402485, '2020-06-07 10:15:39', 0),
(281, 89, 406402488, '2020-06-07 10:15:39', 0),
(282, 90, 406401109, '2020-06-07 10:15:39', 0),
(283, 90, 406401202, '2020-06-07 10:15:39', 0),
(284, 90, 406401599, '2020-06-07 10:15:39', 1),
(285, 90, 406401616, '2020-06-07 10:15:39', 0),
(286, 90, 406401628, '2020-06-07 10:15:39', 0),
(287, 90, 406401632, '2020-06-07 10:15:39', 0),
(288, 90, 406401654, '2020-06-07 10:15:39', 0),
(289, 90, 406402485, '2020-06-07 10:15:39', 0),
(290, 90, 406402488, '2020-06-07 10:15:39', 0),
(291, 91, 406401109, '2020-06-07 10:15:39', 0),
(292, 91, 406401202, '2020-06-07 10:15:39', 0),
(293, 91, 406401599, '2020-06-07 10:15:39', 1),
(294, 91, 406401616, '2020-06-07 10:15:39', 0),
(295, 91, 406401628, '2020-06-07 10:15:39', 0),
(296, 91, 406401632, '2020-06-07 10:15:39', 0),
(297, 91, 406401654, '2020-06-07 10:15:39', 0),
(298, 91, 406402485, '2020-06-07 10:15:39', 0),
(299, 91, 406402488, '2020-06-07 10:15:39', 0),
(300, 92, 406401109, '2020-06-07 10:15:39', 0),
(301, 92, 406401202, '2020-06-07 10:15:39', 0),
(302, 92, 406401599, '2020-06-07 10:15:39', 1),
(303, 92, 406401616, '2020-06-07 10:15:39', 0),
(304, 92, 406401628, '2020-06-07 10:15:39', 0),
(305, 92, 406401632, '2020-06-07 10:15:39', 0),
(306, 92, 406401654, '2020-06-07 10:15:39', 0),
(307, 92, 406402485, '2020-06-07 10:15:39', 0),
(308, 92, 406402488, '2020-06-07 10:15:39', 0),
(513, 115, 406401000, '2020-06-07 10:15:39', 1),
(514, 115, 406401109, '2020-06-07 10:15:39', 1),
(515, 115, 406401202, '2020-06-07 10:15:39', 0),
(516, 115, 406401599, '2020-06-07 10:15:39', 0),
(517, 115, 406401616, '2020-06-07 10:15:39', 1),
(518, 115, 406401628, '2020-06-07 10:15:39', 1),
(519, 115, 406401632, '2020-06-07 10:15:39', 5),
(520, 115, 406401654, '2020-06-07 10:15:39', 0),
(521, 115, 406402485, '2020-06-07 10:15:39', 0),
(522, 115, 406402488, '2020-06-07 10:15:39', 0),
(543, 118, 406401109, '2020-06-07 10:15:39', 1),
(544, 118, 406401599, '2020-06-07 10:15:39', 1),
(545, 118, 406401616, '2020-06-07 10:15:39', 1),
(546, 118, 406401628, '2020-06-07 10:15:39', 1),
(551, 120, 406401109, '2020-06-07 10:15:39', 1),
(552, 120, 406401599, '2020-06-07 10:15:39', 0),
(553, 120, 406401616, '2020-06-07 10:15:39', 1),
(554, 120, 406401628, '2020-06-07 10:15:39', 1),
(559, 122, 406401109, '2020-06-07 10:15:39', 0),
(560, 122, 406401599, '2020-06-07 10:15:39', 0),
(561, 122, 406401616, '2020-06-07 10:15:39', 7),
(562, 122, 406401628, '2020-06-07 10:15:39', 4),
(563, 123, 406401109, '2020-06-07 10:15:39', 0),
(564, 123, 406401599, '2020-06-07 10:15:39', 0),
(565, 123, 406401616, '2020-06-07 10:15:39', 0),
(566, 123, 406401628, '2020-06-07 10:15:39', 0),
(599, 134, 406401109, '2020-06-07 10:15:39', 0),
(600, 134, 406401599, '2020-06-07 10:15:39', 0),
(601, 134, 406401616, '2020-06-07 10:15:39', 0),
(602, 135, 406401109, '2020-06-07 10:15:39', 1),
(603, 135, 406401599, '2020-06-07 10:15:39', 0),
(604, 135, 406401616, '2020-06-07 10:15:39', 0),
(605, 136, 406401109, '2020-06-07 10:15:39', 1),
(606, 136, 406401599, '2020-06-07 10:15:39', 0),
(607, 136, 406401616, '2020-06-07 10:15:39', 0),
(608, 136, 406401628, '2020-06-07 10:15:39', 1),
(609, 137, 406401109, '2020-06-07 10:15:39', 1),
(610, 137, 406401202, '2020-06-07 10:15:39', 1),
(611, 137, 406401599, '2020-06-07 10:15:39', 0),
(612, 137, 406401616, '2020-06-07 10:15:39', 0),
(613, 137, 406401628, '2020-06-07 10:15:39', 1),
(634, 142, 406401109, '2020-06-07 10:15:39', 0),
(635, 142, 406401202, '2020-06-07 10:15:39', 0),
(636, 142, 406401599, '2020-06-07 10:15:39', 0),
(637, 142, 406401616, '2020-06-07 10:15:39', 0),
(638, 142, 406401628, '2020-06-07 10:15:39', 0),
(928, 187, 406401000, '2020-06-07 10:15:39', 0),
(929, 187, 406401109, '2020-06-07 10:15:39', 0),
(930, 187, 406401599, '2020-06-07 10:15:39', 0),
(931, 187, 406401616, '2020-06-07 10:15:39', 0),
(932, 187, 406401628, '2020-06-07 10:15:39', 1),
(933, 187, 406401632, '2020-06-07 10:15:39', 0),
(934, 187, 406401654, '2020-06-07 10:15:39', 0),
(935, 187, 406402485, '2020-06-07 10:15:39', 0),
(936, 187, 406402488, '2020-06-07 10:15:39', 0),
(937, 188, 406401000, '2020-06-07 10:15:39', 0),
(938, 188, 406401109, '2020-06-07 10:15:39', 0),
(939, 188, 406401599, '2020-06-07 10:15:39', 0),
(940, 188, 406401616, '2020-06-07 10:15:39', 0),
(941, 188, 406401628, '2020-06-07 10:15:39', 1),
(942, 188, 406401632, '2020-06-07 10:15:39', 0),
(943, 188, 406401654, '2020-06-07 10:15:39', 0),
(944, 188, 406402485, '2020-06-07 10:15:39', 0),
(945, 188, 406402488, '2020-06-07 10:15:39', 0),
(946, 189, 406401000, '2020-06-07 10:15:39', 0),
(947, 189, 406401109, '2020-06-07 10:15:39', 0),
(948, 189, 406401599, '2020-06-07 10:15:39', 0),
(949, 189, 406401616, '2020-06-07 10:15:39', 0),
(950, 189, 406401628, '2020-06-07 10:15:39', 0),
(951, 189, 406401632, '2020-06-07 10:15:39', 0),
(952, 189, 406401654, '2020-06-07 10:15:39', 0),
(953, 189, 406402485, '2020-06-07 10:15:39', 0),
(954, 189, 406402488, '2020-06-07 10:15:39', 0),
(955, 190, 406401000, '2020-06-07 10:15:39', 4),
(956, 190, 406401109, '2020-06-07 10:15:39', 0),
(957, 190, 406401599, '2020-06-07 10:15:39', 0),
(958, 190, 406401616, '2020-06-07 10:15:39', 0),
(959, 190, 406401628, '2020-06-07 10:15:39', 0),
(960, 190, 406401632, '2020-06-07 10:15:39', 0),
(961, 190, 406401654, '2020-06-07 10:15:39', 0),
(962, 190, 406402485, '2020-06-07 10:15:39', 0),
(963, 190, 406402488, '2020-06-07 10:15:39', 0),
(964, 191, 406401000, '2020-06-07 10:15:39', 1),
(965, 191, 406401109, '2020-06-07 10:15:39', 0),
(966, 191, 406401599, '2020-06-07 10:15:39', 0),
(967, 191, 406401616, '2020-06-07 10:15:39', 0),
(968, 191, 406401628, '2020-06-07 10:15:39', 1),
(969, 191, 406401632, '2020-06-07 10:15:39', 0),
(970, 191, 406401654, '2020-06-07 10:15:39', 0),
(971, 191, 406402485, '2020-06-07 10:15:39', 0),
(972, 191, 406402488, '2020-06-07 10:15:39', 0),
(973, 192, 406401000, '2020-06-07 10:15:39', 0),
(974, 192, 406401109, '2020-06-07 10:15:39', 0),
(975, 192, 406401202, '2020-06-07 10:15:39', 0),
(976, 192, 406401520, '2020-06-07 10:15:39', 1),
(977, 192, 406401599, '2020-06-07 10:15:39', 0),
(978, 192, 406401616, '2020-06-07 10:15:39', 0),
(979, 193, 406401000, '2020-06-07 10:15:39', 0),
(980, 193, 406401109, '2020-06-07 10:15:39', 0),
(981, 193, 406401202, '2020-06-07 10:15:39', 0),
(982, 193, 406401520, '2020-06-07 10:15:39', 5),
(983, 193, 406401599, '2020-06-07 10:15:39', 0),
(984, 193, 406401616, '2020-06-07 10:15:39', 0),
(985, 194, 406401000, '2020-06-07 10:15:39', 0),
(986, 194, 406401109, '2020-06-07 10:15:39', 0),
(987, 194, 406401202, '2020-06-07 10:15:39', 0),
(988, 194, 406401520, '2020-06-07 10:15:39', 0),
(989, 194, 406401599, '2020-06-07 10:15:39', 0),
(990, 194, 406401616, '2020-06-07 10:15:39', 0),
(991, 195, 406401000, '2020-06-07 10:15:39', 1),
(992, 195, 406401109, '2020-06-07 10:15:39', 0),
(993, 195, 406401599, '2020-06-07 10:15:39', 0),
(994, 195, 406401616, '2020-06-07 10:15:39', 0),
(995, 195, 406401628, '2020-06-07 10:15:39', 1),
(996, 195, 406401632, '2020-06-07 10:15:39', 0),
(997, 195, 406401654, '2020-06-07 10:15:39', 0),
(998, 195, 406402485, '2020-06-07 10:15:39', 0),
(999, 195, 406402488, '2020-06-07 10:15:39', 0),
(1054, 202, 406401000, '2020-06-07 10:15:39', 1),
(1055, 202, 406401109, '2020-06-07 10:15:39', 0),
(1056, 202, 406401599, '2020-06-07 10:15:39', 0),
(1057, 202, 406401616, '2020-06-07 10:15:39', 0),
(1058, 202, 406401628, '2020-06-07 10:15:39', 1),
(1059, 202, 406401632, '2020-06-07 10:15:39', 0),
(1060, 202, 406401654, '2020-06-07 10:15:39', 0),
(1061, 202, 406402485, '2020-06-07 10:15:39', 0),
(1062, 202, 406402488, '2020-06-07 10:15:39', 0),
(1072, 204, 406401000, '2020-06-07 10:15:39', 1),
(1073, 204, 406401109, '2020-06-07 10:15:39', 0),
(1074, 204, 406401599, '2020-06-07 10:15:39', 0),
(1075, 204, 406401616, '2020-06-07 10:15:39', 0),
(1076, 204, 406401628, '2020-06-07 10:15:39', 0),
(1077, 204, 406401632, '2020-06-07 10:15:39', 0),
(1078, 204, 406401654, '2020-06-07 10:15:39', 0),
(1079, 204, 406402485, '2020-06-07 10:15:39', 0),
(1080, 204, 406402488, '2020-06-07 10:15:39', 0),
(1081, 205, 406401000, '2020-06-07 10:15:39', 1),
(1082, 205, 406401109, '2020-06-07 10:15:39', 0),
(1083, 205, 406401599, '2020-06-07 10:15:39', 0),
(1084, 205, 406401616, '2020-06-07 10:15:39', 0),
(1085, 205, 406401628, '2020-06-07 10:15:39', 1),
(1086, 205, 406401632, '2020-06-07 10:15:39', 0),
(1087, 205, 406401654, '2020-06-07 10:15:39', 0),
(1088, 205, 406402485, '2020-06-07 10:15:39', 0),
(1089, 205, 406402488, '2020-06-07 10:15:39', 0),
(1100, 208, 406401109, '2020-06-07 10:15:39', 0),
(1101, 208, 406401202, '2020-06-07 10:15:39', 0),
(1102, 208, 406401599, '2020-06-07 10:15:39', 0),
(1103, 208, 406401616, '2020-06-07 10:15:39', 0),
(1104, 208, 406401628, '2020-06-07 10:15:39', 0),
(1105, 209, 406401109, '2020-06-07 10:15:39', 0),
(1106, 209, 406401202, '2020-06-07 10:15:39', 0),
(1107, 209, 406401599, '2020-06-07 10:15:39', 0),
(1108, 209, 406401616, '2020-06-07 10:15:39', 0),
(1109, 209, 406401628, '2020-06-07 10:15:39', 0),
(1115, 211, 406401109, '2020-06-07 10:15:39', 0),
(1116, 211, 406401202, '2020-06-07 10:15:39', 0),
(1117, 211, 406401599, '2020-06-07 10:15:39', 0),
(1118, 211, 406401616, '2020-06-07 10:15:39', 0),
(1119, 211, 406401628, '2020-06-07 10:15:39', 0),
(1120, 212, 406401109, '2020-06-07 10:15:39', 0),
(1121, 212, 406401202, '2020-06-07 10:15:39', 0),
(1122, 212, 406401599, '2020-06-07 10:15:39', 0),
(1123, 212, 406401616, '2020-06-07 10:15:39', 1),
(1124, 212, 406401628, '2020-06-07 10:15:39', 1),
(1125, 213, 406401109, '2020-06-07 10:15:39', 0),
(1126, 213, 406401202, '2020-06-07 10:15:39', 0),
(1127, 213, 406401599, '2020-06-07 10:15:39', 0),
(1128, 213, 406401616, '2020-06-07 10:15:39', 1),
(1129, 213, 406401628, '2020-06-07 10:15:39', 0),
(1130, 214, 406401109, '2020-06-07 10:15:39', 0),
(1131, 214, 406401202, '2020-06-07 10:15:39', 0),
(1132, 214, 406401599, '2020-06-07 10:15:39', 0),
(1133, 214, 406401616, '2020-06-07 10:15:39', 0),
(1134, 214, 406401628, '2020-06-07 10:15:39', 0),
(1135, 215, 406401109, '2020-06-07 10:15:39', 1),
(1136, 215, 406401202, '2020-06-07 10:15:39', 5),
(1137, 215, 406401599, '2020-06-07 10:15:39', 0),
(1138, 215, 406401616, '2020-06-07 10:15:39', 1),
(1139, 215, 406401628, '2020-06-07 10:15:39', 1),
(1140, 216, 406401109, '2020-06-07 10:15:39', 1),
(1141, 216, 406401202, '2020-06-07 10:15:39', 4),
(1142, 216, 406401599, '2020-06-07 10:15:39', 0),
(1143, 216, 406401616, '2020-06-07 10:15:39', 0),
(1144, 216, 406401628, '2020-06-07 10:15:39', 7),
(1150, 222, 406401109, '2020-06-07 10:15:39', 0),
(1151, 222, 406401202, '2020-06-07 10:15:39', 0),
(1152, 222, 406401628, '2020-06-07 10:15:39', 0),
(1153, 223, 406401109, '2020-06-07 10:15:39', 3),
(1154, 223, 406401202, '2020-06-07 10:15:39', 1),
(1155, 223, 406401628, '2020-06-07 10:15:39', 1),
(1156, 224, 406401109, '2020-06-07 10:15:39', 4),
(1157, 224, 406401202, '2020-06-07 10:15:39', 1),
(1158, 224, 406401628, '2020-06-07 10:15:39', 0),
(1159, 225, 406401109, '2020-06-07 10:15:39', 3),
(1160, 225, 406401202, '2020-06-07 10:15:39', 3),
(1161, 225, 406401628, '2020-06-07 10:15:39', 2),
(1162, 226, 406401109, '2020-06-07 10:15:39', 0),
(1163, 226, 406401202, '2020-06-07 10:15:39', 0),
(1164, 226, 406401599, '2020-06-07 10:15:39', 1),
(1165, 226, 406401628, '2020-06-07 10:15:39', 0),
(1166, 227, 406401109, '2020-06-07 10:15:39', 0),
(1167, 227, 406401202, '2020-06-07 10:15:39', 0),
(1168, 227, 406401599, '2020-06-07 10:15:39', 0),
(1169, 227, 406401628, '2020-06-07 10:15:39', 0),
(1178, 230, 406401109, '2020-06-07 10:15:39', 0),
(1179, 230, 406401202, '2020-06-07 10:15:39', 0),
(1180, 230, 406401599, '2020-06-07 10:15:39', 0),
(1181, 230, 406401628, '2020-06-07 10:15:39', 0),
(1182, 231, 406401000, '2020-06-07 10:15:39', 1),
(1183, 231, 406401109, '2020-06-07 10:15:39', 0),
(1184, 231, 406401599, '2020-06-07 10:15:39', 0),
(1185, 231, 406401616, '2020-06-07 10:15:39', 0),
(1186, 231, 406401628, '2020-06-07 10:15:39', 6),
(1187, 231, 406401632, '2020-06-07 10:15:39', 0),
(1188, 231, 406401654, '2020-06-07 10:15:39', 0),
(1189, 231, 406402485, '2020-06-07 10:15:39', 0),
(1190, 231, 406402488, '2020-06-07 10:15:39', 0),
(1223, 236, 406401000, '2020-06-07 10:15:39', 1),
(1224, 236, 406401109, '2020-06-07 10:15:39', 0),
(1225, 236, 406401616, '2020-06-07 10:15:39', 0),
(1226, 236, 406401628, '2020-06-07 10:15:39', 0),
(1227, 236, 406401632, '2020-06-07 10:15:39', 0),
(1228, 236, 406401654, '2020-06-07 10:15:39', 0),
(1229, 236, 406402488, '2020-06-07 10:15:39', 0),
(1230, 237, 406401109, '2020-06-07 10:15:39', 3),
(1231, 237, 406401202, '2020-06-07 10:15:39', 1),
(1232, 237, 406401616, '2020-06-07 10:15:39', 1),
(1233, 237, 406401628, '2020-06-07 10:15:39', 1),
(1234, 238, 406401109, '2020-06-07 10:15:39', 1),
(1235, 238, 406401202, '2020-06-07 10:15:39', 1),
(1236, 238, 406401616, '2020-06-07 10:15:39', 0),
(1237, 238, 406401628, '2020-06-07 10:15:39', 0),
(1238, 239, 406401109, '2020-06-07 10:15:39', 4),
(1239, 239, 406401202, '2020-06-07 10:15:39', 1),
(1240, 239, 406401616, '2020-06-07 10:15:39', 1),
(1241, 239, 406401628, '2020-06-07 10:15:39', 1),
(1242, 240, 406401109, '2020-06-07 10:15:39', 1),
(1243, 240, 406401202, '2020-06-07 10:15:39', 1),
(1244, 240, 406401616, '2020-06-07 10:15:39', 7),
(1245, 240, 406401628, '2020-06-07 10:15:39', 5),
(1246, 241, 406401109, '2020-06-07 10:15:39', 1),
(1247, 241, 406401202, '2020-06-07 10:15:39', 1),
(1248, 241, 406401616, '2020-06-07 10:15:39', 1),
(1249, 241, 406401628, '2020-06-07 10:15:39', 0),
(1250, 242, 406401109, '2020-06-07 10:15:39', 0),
(1251, 242, 406401202, '2020-06-07 10:15:39', 1),
(1252, 242, 406401616, '2020-06-07 10:15:39', 1),
(1253, 242, 406401628, '2020-06-07 10:15:39', 1),
(1254, 243, 406401109, '2020-06-07 10:15:39', 0),
(1255, 243, 406401202, '2020-06-07 10:15:39', 1),
(1256, 243, 406401616, '2020-06-07 10:15:39', 1),
(1257, 243, 406401628, '2020-06-07 10:15:39', 5),
(1258, 244, 406401109, '2020-06-07 10:15:39', 1),
(1259, 244, 406401202, '2020-06-07 10:15:39', 3),
(1260, 244, 406401616, '2020-06-07 10:15:39', 2),
(1261, 244, 406401628, '2020-06-07 10:15:39', 0),
(1412, 275, 406401109, '2020-06-07 10:15:39', 0),
(1413, 275, 406401202, '2020-06-07 10:15:39', 0),
(1414, 275, 406401599, '2020-06-07 10:15:39', 1),
(1415, 275, 406401616, '2020-06-07 10:15:39', 0),
(1416, 275, 406401628, '2020-06-07 10:15:39', 0),
(1417, 276, 406401109, '2020-06-07 10:15:39', 0),
(1418, 276, 406401202, '2020-06-07 10:15:39', 0),
(1419, 276, 406401599, '2020-06-07 10:15:39', 0),
(1420, 276, 406401616, '2020-06-07 10:15:39', 0),
(1421, 276, 406401628, '2020-06-07 10:15:39', 0),
(1422, 277, 106331045, '2020-06-07 10:15:39', 1),
(1423, 277, 406401109, '2020-06-07 10:15:39', 0),
(1424, 277, 406401202, '2020-06-07 10:15:39', 0),
(1425, 277, 406401599, '2020-06-07 10:15:39', 0),
(1426, 277, 406401616, '2020-06-07 10:15:39', 0),
(1427, 277, 406401628, '2020-06-07 10:15:39', 0),
(1428, 278, 106331045, '2020-06-07 10:15:39', 0),
(1429, 278, 406401109, '2020-06-07 10:15:39', 0),
(1430, 278, 406401202, '2020-06-07 10:15:39', 0),
(1431, 278, 406401599, '2020-06-07 10:15:39', 0),
(1432, 278, 406401616, '2020-06-07 10:15:39', 0),
(1433, 278, 406401628, '2020-06-07 10:15:39', 0),
(1434, 279, 406401000, '2020-06-07 10:15:39', 1),
(1435, 279, 406401109, '2020-06-07 10:15:39', 2),
(1436, 279, 406401599, '2020-06-07 10:15:39', 3),
(1437, 279, 406401616, '2020-06-07 10:15:39', 4),
(1438, 279, 406401628, '2020-06-07 10:15:39', 5),
(1439, 279, 406401632, '2020-06-07 10:15:39', 6),
(1440, 279, 406401654, '2020-06-07 10:15:39', 7),
(1441, 279, 406402488, '2020-06-07 10:15:39', 0),
(1442, 280, 406401000, '2020-06-07 10:15:39', 0),
(1443, 280, 406401109, '2020-06-07 10:15:39', 0),
(1444, 280, 406401599, '2020-06-07 10:15:39', 0),
(1445, 280, 406401616, '2020-06-07 10:15:39', 0),
(1446, 280, 406401628, '2020-06-07 10:15:39', 6),
(1447, 280, 406401632, '2020-06-07 10:15:39', 0),
(1448, 280, 406401654, '2020-06-07 10:15:39', 0),
(1449, 280, 406402488, '2020-06-07 10:15:39', 0),
(1450, 281, 406401000, '2020-06-07 10:15:39', 0),
(1451, 281, 406401109, '2020-06-07 10:15:39', 0),
(1452, 281, 406401599, '2020-06-07 10:15:39', 0),
(1453, 281, 406401616, '2020-06-07 10:15:39', 0),
(1454, 281, 406401628, '2020-06-07 10:15:39', 0),
(1455, 281, 406401632, '2020-06-07 10:15:39', 0),
(1456, 281, 406401654, '2020-06-07 10:15:39', 0),
(1457, 281, 406402488, '2020-06-07 10:15:39', 0),
(1458, 282, 406401000, '2020-06-07 10:15:39', 0),
(1459, 282, 406401109, '2020-06-07 10:15:39', 0),
(1460, 282, 406401599, '2020-06-07 10:15:39', 0),
(1461, 282, 406401616, '2020-06-07 10:15:39', 0),
(1462, 282, 406401628, '2020-06-07 10:15:39', 0),
(1463, 282, 406401632, '2020-06-07 10:15:39', 0),
(1464, 282, 406401654, '2020-06-07 10:15:39', 0),
(1465, 282, 406402488, '2020-06-07 10:15:39', 0),
(1466, 283, 406401000, '2020-06-07 10:15:39', 0),
(1467, 283, 406401109, '2020-06-07 10:15:39', 0),
(1468, 283, 406401599, '2020-06-07 10:15:39', 0),
(1469, 283, 406401616, '2020-06-07 10:15:39', 0),
(1470, 283, 406401628, '2020-06-07 10:15:39', 8),
(1471, 283, 406401632, '2020-06-07 10:15:39', 0),
(1472, 283, 406401654, '2020-06-07 10:15:39', 0),
(1473, 283, 406402488, '2020-06-07 10:15:39', 0),
(1474, 284, 406401000, '2020-06-07 10:15:39', 0),
(1475, 284, 406401109, '2020-06-07 10:15:39', 0),
(1476, 284, 406401599, '2020-06-07 10:15:39', 0),
(1477, 284, 406401616, '2020-06-07 10:15:39', 0),
(1478, 284, 406401628, '2020-06-07 10:15:39', 0),
(1479, 284, 406401632, '2020-06-07 10:15:39', 0),
(1480, 284, 406401654, '2020-06-07 10:15:39', 0),
(1481, 284, 406402488, '2020-06-07 10:15:39', 0),
(1482, 285, 106331045, '2020-06-07 10:15:39', 0),
(1483, 285, 406401109, '2020-06-07 10:15:39', 0),
(1484, 285, 406401202, '2020-06-07 10:15:39', 0),
(1485, 285, 406401599, '2020-06-07 10:15:39', 0),
(1486, 285, 406401616, '2020-06-07 10:15:39', 0),
(1487, 285, 406401628, '2020-06-07 10:15:39', 0),
(1488, 285, 407470250, '2020-06-07 10:15:39', 1),
(1489, 286, 106331045, '2020-06-07 10:15:39', 0),
(1490, 286, 406401109, '2020-06-07 10:15:39', 0),
(1491, 286, 406401202, '2020-06-07 10:15:39', 0),
(1492, 286, 406401599, '2020-06-07 10:15:39', 0),
(1493, 286, 406401616, '2020-06-07 10:15:39', 0),
(1494, 286, 406401628, '2020-06-07 10:15:39', 0),
(1495, 286, 407470250, '2020-06-07 10:15:39', 1),
(1496, 287, 106331045, '2020-06-07 10:15:39', 0),
(1497, 287, 406401109, '2020-06-07 10:15:39', 0),
(1498, 287, 406401202, '2020-06-07 10:15:39', 0),
(1499, 287, 406401599, '2020-06-07 10:15:39', 0),
(1500, 287, 406401616, '2020-06-07 10:15:39', 0),
(1501, 287, 406401628, '2020-06-07 10:15:39', 0),
(1502, 287, 407470250, '2020-06-07 10:15:39', 0),
(1503, 288, 106331045, '2020-06-07 10:15:39', 0),
(1504, 288, 406401109, '2020-06-07 10:15:39', 0),
(1505, 288, 406401202, '2020-06-07 10:15:39', 0),
(1506, 288, 406401599, '2020-06-07 10:15:39', 0),
(1507, 288, 406401616, '2020-06-07 10:15:39', 0),
(1508, 288, 406401628, '2020-06-07 10:15:39', 0),
(1509, 288, 407470250, '2020-06-07 10:15:39', 0),
(1510, 289, 406412469, '2020-06-07 10:15:39', 1),
(1511, 289, 407470250, '2020-06-07 10:15:39', 1),
(1512, 290, 406412469, '2020-06-07 10:15:39', 0),
(1513, 290, 407470250, '2020-06-07 10:15:39', 5),
(1514, 291, 406412469, '2020-06-07 10:15:39', 0),
(1515, 291, 407470250, '2020-06-07 10:15:39', 5),
(1516, 292, 406412469, '2020-06-07 10:15:39', 1),
(1517, 292, 407470250, '2020-06-07 10:15:39', 5),
(1518, 293, 406412469, '2020-06-07 10:15:39', 0),
(1519, 293, 407470250, '2020-06-07 10:15:39', 0),
(1520, 294, 406412469, '2020-06-07 10:15:39', 0),
(1521, 294, 407470250, '2020-06-07 10:15:39', 0),
(1522, 295, 406412469, '2020-06-07 10:15:39', 0),
(1523, 295, 407470250, '2020-06-07 10:15:39', 4),
(1524, 296, 406412469, '2020-06-07 10:15:39', 0),
(1525, 296, 407470250, '2020-06-07 10:15:39', 0),
(1526, 297, 406412469, '2020-06-07 10:15:39', 0),
(1527, 297, 407470250, '2020-06-07 10:15:39', 0),
(1528, 298, 406412469, '2020-06-07 10:15:39', 0),
(1529, 298, 407470250, '2020-06-07 10:15:39', 0),
(1530, 299, 406401000, '2020-06-07 10:15:39', 0),
(1531, 299, 406401109, '2020-06-07 10:15:39', 0),
(1532, 299, 406401599, '2020-06-07 10:15:39', 0),
(1533, 299, 406401616, '2020-06-07 10:15:39', 0),
(1534, 299, 406401628, '2020-06-07 10:15:39', 0),
(1535, 299, 406401632, '2020-06-07 10:15:39', 0),
(1536, 299, 406401654, '2020-06-07 10:15:39', 0),
(1537, 299, 406402488, '2020-06-07 10:15:39', 0),
(1538, 300, 406401000, '2020-06-07 10:15:39', 0),
(1539, 300, 406401109, '2020-06-07 10:15:39', 0),
(1540, 300, 406401599, '2020-06-07 10:15:39', 0),
(1541, 300, 406401616, '2020-06-07 10:15:39', 0),
(1542, 300, 406401628, '2020-06-07 10:15:39', 6),
(1543, 300, 406401632, '2020-06-07 10:15:39', 0),
(1544, 300, 406401654, '2020-06-07 10:15:39', 0),
(1545, 300, 406402488, '2020-06-07 10:15:39', 0),
(1546, 301, 406401000, '2020-06-07 10:15:39', 0),
(1547, 301, 406401109, '2020-06-07 10:15:39', 0),
(1548, 301, 406401599, '2020-06-07 10:15:39', 0),
(1549, 301, 406401616, '2020-06-07 10:15:39', 0),
(1550, 301, 406401628, '2020-06-07 10:15:39', 0),
(1551, 301, 406401632, '2020-06-07 10:15:39', 0),
(1552, 301, 406401654, '2020-06-07 10:15:39', 0),
(1553, 301, 406402488, '2020-06-07 10:15:39', 0),
(1554, 302, 406401000, '2020-06-07 10:15:39', 0),
(1555, 302, 406401109, '2020-06-07 10:15:39', 0),
(1556, 302, 406401599, '2020-06-07 10:15:39', 0),
(1557, 302, 406401616, '2020-06-07 10:15:39', 0),
(1558, 302, 406401628, '2020-06-07 10:15:39', 5),
(1559, 302, 406401632, '2020-06-07 10:15:39', 0),
(1560, 302, 406401654, '2020-06-07 10:15:39', 0),
(1561, 302, 406402488, '2020-06-07 10:15:39', 0),
(1562, 303, 406401000, '2020-06-07 10:15:39', 0),
(1563, 303, 406401109, '2020-06-07 10:15:39', 0),
(1564, 303, 406401599, '2020-06-07 10:15:39', 0),
(1565, 303, 406401616, '2020-06-07 10:15:39', 0),
(1566, 303, 406401628, '2020-06-07 10:15:39', 7),
(1567, 303, 406401632, '2020-06-07 10:15:39', 0),
(1568, 303, 406401654, '2020-06-07 10:15:39', 0),
(1569, 303, 406402488, '2020-06-07 10:15:39', 0),
(1570, 304, 405401231, '2020-06-07 10:15:39', 0),
(1571, 304, 406412469, '2020-06-07 10:15:39', 0),
(1572, 304, 407470250, '2020-06-07 10:15:39', 0),
(1573, 305, 406401103, '2020-06-07 10:15:39', 8),
(1574, 305, 406401599, '2020-06-07 10:15:39', 4),
(1575, 306, 406401103, '2020-06-07 10:15:39', 5),
(1576, 306, 406401599, '2020-06-07 10:15:39', 0);

-- --------------------------------------------------------

--
-- 資料表結構 `rollcall`
--

CREATE TABLE `rollcall` (
  `rc_id` int(50) NOT NULL,
  `cs_id` varchar(26) NOT NULL,
  `rc_starttime` timestamp NULL DEFAULT NULL,
  `rc_end` tinyint(1) DEFAULT '0',
  `rc_inputsource` varchar(20) NOT NULL,
  `qrcode` varchar(40) DEFAULT NULL,
  `latitude` varchar(50) DEFAULT NULL,
  `longitude` varchar(50) DEFAULT NULL
) ENGINE=InnoDB DEFAULT CHARSET=utf8;

--
-- 傾印資料表的資料 `rollcall`
--

INSERT INTO `rollcall` (`rc_id`, `cs_id`, `rc_starttime`, `rc_end`, `rc_inputsource`, `qrcode`, `latitude`, `longitude`) VALUES
(68, '10811000DMG741D7411023900', '2020-04-15 16:09:32', 1, 'QRcode點名', NULL, '25.047859199999998', '121.43493120000001'),
(69, '10811000DMG741D7411023900', '2020-04-23 12:40:02', 1, 'QRcode點名', NULL, '25.047859199999998', '121.43493120000001'),
(70, '10811000DMG741D7411023900', '2020-04-23 12:40:13', 1, '手動點名', NULL, '25.047859199999998', '121.43493120000001'),
(71, '10811000DMG741D7411023900', '2020-04-07 02:20:00', 1, '手動點名', NULL, '25.047859199999998', '121.43493120000001'),
(74, '10811000DMG741D7411023900', '2020-05-07 13:29:25', 1, 'QRcode點名', NULL, '25.047859199999998', '121.43493120000001'),
(75, '10811000DMG741D7411023900', '2020-05-07 13:34:07', 1, '手動點名', NULL, '25.047859199999998', '121.43493120000001'),
(76, '10811000DMG741D7411023900', '2020-05-07 13:35:16', 1, '手動點名', NULL, '25.047859199999998', '121.43493120000001'),
(89, '10811000DMG741D7411023900', '2020-05-12 12:01:06', 1, 'QRcode點名', NULL, '25.0369113', '121.4320859'),
(90, '10811000DMG741D7411023900', '2020-05-12 12:03:10', 1, 'QRcode點名', NULL, '25.0369115', '121.4320848'),
(91, '10811000DMG741D7411023900', '2020-05-12 12:05:55', 1, 'QRcode點名', NULL, '25.0369116', '121.4320836'),
(92, '10811000DMG741D7411023900', '2020-05-12 12:06:50', 1, 'QRcode點名', NULL, '25.0369123', '121.4320835'),
(115, '10811000DMG741D7411023900', '2020-05-14 14:53:42', 1, 'GPS點名', NULL, '25.036948039139364', '121.43218420107316'),
(118, 'CSD129', '2020-05-14 15:55:53', 1, 'QRcode點名', NULL, '25.047859199999998', '121.43493120000001'),
(120, 'CSD129', '2020-05-14 15:57:55', 1, 'GPS點名', NULL, '25.03689103792388', '121.43218219396189'),
(122, 'CSD129', '2020-05-14 16:02:02', 1, 'QRcode點名', NULL, '25.036889720135655', '121.43218199837918'),
(123, 'CSD129', '2020-05-14 16:39:00', 1, 'QRcode點名', NULL, '25.03697869338219', '121.43219099757214'),
(134, 'CSD129', '2020-05-15 07:55:15', 1, 'QRcode點名', 'cda44d33-728a-4ab5-8056-6858841361f8', '25.03614194453642', '121.43096726482544'),
(135, 'CSD129', '2020-05-15 07:55:37', 1, 'QRcode點名', '07f54e2a-1687-4f47-ab42-b600eb74bde3', '25.036140427839342', '121.43100703602627'),
(136, 'CSD129', '2020-05-15 08:20:47', 1, 'GPS點名', '1', '25.036601435453615', '121.43153854960666'),
(137, 'CSD129', '2020-05-15 08:27:52', 1, 'QRcode點名', 'e0d6020f-6884-46e0-84e5-49909c751570', '25.036916413571706', '121.43218355729253'),
(142, 'CSD129', '2020-05-15 08:30:12', 1, 'QRcode點名', '036a1feb-29e6-4a8c-9bbf-a7154a530476', '25.03697697444557', '121.43219031400379'),
(187, '10811000DMG741D7411023900', '2020-05-19 11:19:59', 1, 'GPS點名', '2c754cd9-c303-4300-8b3e-cb1c08c5c947', '25.0369091', '121.4320926'),
(188, '10811000DMG741D7411023900', '2020-05-19 11:24:10', 1, 'GPS點名', '3dac03c8-d6a6-474f-bd70-bfd5bede0649', '25.0369199', '121.4320848'),
(189, '10811000DMG741D7411023900', '2020-05-19 11:24:26', 1, 'GPS點名', '3dac03c8-d6a6-474f-bd70-bfd5bede0649', '25.0369155', '121.4320896'),
(190, '10811000DMG741D7411023900', '2020-05-19 11:24:50', 1, 'GPS點名', '3dac03c8-d6a6-474f-bd70-bfd5bede0649', '25.036915', '121.432088'),
(191, '10811000DMG741D7411023900', '2020-05-19 11:25:05', 1, 'GPS點名', '3dac03c8-d6a6-474f-bd70-bfd5bede0649', '25.0369173', '121.4320874'),
(192, 'CSD125', '2020-05-19 11:27:46', 1, 'QRcode點名', '1380afa2-87f8-4751-bca7-25bb93ce8139', '25.036903', '121.4320823'),
(193, 'CSD125', '2020-05-19 11:28:35', 1, 'GPS點名', '2bb609fa-99f1-4061-9820-6f95220a4d6c', '25.0369096', '121.432098'),
(194, 'CSD125', '2020-05-19 11:32:18', 1, 'GPS點名', 'f976e4b8-0987-44d3-a0f0-3cba00b274cf', '25.0369085', '121.4320947'),
(195, '10811000DMG741D7411023900', '2020-05-19 11:32:36', 1, 'GPS點名', '4d5c5e84-b979-4b3d-a9f3-b6f6bb195b73', '25.0369045', '121.4320947'),
(202, '10811000DMG741D7411023900', '2020-05-19 11:50:29', 1, 'GPS點名', 'e4937f3c-a57b-4e6a-b5bd-c064a3f3fff5', '25.0369048', '121.4320885'),
(204, '10811000DMG741D7411023900', '2020-05-19 13:10:14', 1, 'GPS點名', 'fa68190d-1bca-499e-9f17-9c1513a78596', '25.041305599999998', '121.43493120000001'),
(205, '10811000DMG741D7411023900', '2020-05-19 13:11:16', 1, 'GPS點名', 'f5ce45cf-5018-4267-b342-3c5551103fdf', '25.041305599999998', '121.43493120000001'),
(208, 'CSD129', '2020-05-19 13:24:43', 1, 'GPS點名', '6c7bbb43-1a2d-4124-b688-6a5c2111019e', '25.041305599999998', '121.43493120000001'),
(209, 'CSD129', '2020-05-19 13:25:27', 1, 'QRcode點名', '82a1f64c-f8fa-41af-a19c-c68d7dee9b47', '25.047859199999998', '121.43820799999999'),
(211, 'CSD129', '2020-05-19 13:30:49', 1, 'GPS點名', '743fb0d3-9225-4af0-9bea-f92185886182', '25.041305599999998', '121.43493120000001'),
(212, 'CSD129', '2020-05-19 13:32:05', 1, 'GPS點名', '03b54b98-21cf-46c6-b175-53da73c95517', '25.03690844991244', '121.4321875241658'),
(213, 'CSD129', '2020-05-19 13:34:06', 1, 'GPS點名', '8009933f-e078-4dd1-a9b5-47524690a9a1', '25.0368842', '121.43212599999998'),
(214, 'CSD129', '2020-05-19 13:35:03', 1, 'QRcode點名', '4a33fad5-0195-4980-8bc6-156e5d930f85', '25.0368842', '121.43212599999998'),
(215, 'CSD129', '2020-05-19 13:35:19', 1, 'QRcode點名', '78a28366-7edb-4dd0-a8c3-dbf38fa464ab', '25.0368842', '121.43212599999998'),
(216, 'CSD129', '2020-05-19 13:39:41', 1, 'QRcode點名', 'cda4da78-b6ed-4b56-8f7f-a5bf5b6e3434', '25.0368878', '121.43212319999999'),
(222, 'CS123', '2020-05-20 05:26:19', 1, 'GPS點名', '9023158d-78d7-4f2e-b070-e0f1c758ba1b', '25.047859199999998', '121.43493120000001'),
(223, 'CS123', '2020-05-20 05:31:39', 1, 'GPS點名', '0f2ff98a-f369-4a80-bf2a-6d76d1f5ed6f', '25.0363509340212', '121.4309197202047'),
(224, 'CS123', '2020-05-20 05:32:07', 1, 'QRcode點名', '6a8595db-a022-4d61-bbd5-30295170d540', '25.036286820690194', '121.43086100275531'),
(225, 'CS123', '2020-05-20 05:32:47', 1, '手動點名', '2bc5ea55-9013-44cb-ab8d-81b85706aa9d', '25.036286820690194', '121.43086100275531'),
(226, 'CS123', '2020-05-20 06:19:24', 1, 'QRcode點名', 'a68655dd-f627-4f17-8da6-3b0f6d996efd', '25.03531916490408', '121.43153137637165'),
(227, 'CS123', '2020-05-20 06:19:56', 1, 'GPS點名', '506a74f9-059f-4cf0-bd90-96913c1c6b5d', '25.03531916490408', '121.43153137637165'),
(230, 'CS123', '2020-05-20 06:21:21', 1, 'GPS點名', '0a3adac8-6319-4dcf-9aa4-f8197e108664', '25.035331854450007', '121.43150066337728'),
(231, '10811000DMG741D7411023900', '2020-05-20 06:23:26', 1, '手動點名', 'a98e2d15-1977-4aaa-915b-d89db27621a7', '25.047859199999998', '121.43820799999999'),
(236, '10811000DMG741D7411023900', '2020-05-20 07:27:04', 1, 'QRcode點名', 'c3d4639d-11ec-4915-83c7-6573cf1fdb2b', '25.047859199999998', '121.43820799999999'),
(237, 'CS111', '2020-05-20 07:42:13', 1, 'GPS點名', 'c8855e44-7514-46dc-9b52-6e89e5e84566', '25.03620942750898', '121.43058266743309'),
(238, 'CS111', '2020-05-20 07:44:10', 1, 'QRcode點名', '6385c265-0933-4ee9-9592-5dde5827bfb4', '25.03630675775853', '121.43066630573882'),
(239, 'CS145', '2020-05-21 04:07:15', 1, 'GPS點名', 'beca97d3-1a7d-4251-a320-68dc37908faa', '25.036364823135273', '121.43088221737169'),
(240, 'CS145', '2020-05-21 04:07:53', 1, 'QRcode點名', '7df74e0f-d823-4d28-b4e1-073969fd58e3', '25.036196527532212', '121.4309333760635'),
(241, 'CS145', '2020-05-21 04:09:22', 1, '手動點名', '907a6a56-705b-4add-969b-6883e24c5774', '25.036384540055924', '121.4309236572273'),
(242, 'Cs121', '2020-05-21 04:33:22', 1, 'GPS點名', 'c5d48c92-5187-48a2-ae57-3399d19c9ebd', '25.036201111147353', '121.43104650136362'),
(243, 'Cs121', '2020-05-21 04:34:50', 1, 'QRcode點名', 'bf6889c8-7215-4df3-b495-40396a4d05a0', '25.036223192594772', '121.4310687933886'),
(244, 'Cs121', '2020-05-21 04:36:35', 1, '手動點名', '2e14d321-b2fe-4c84-bdf0-6096d70e9c3f', '25.036183717850594', '121.43100190718427'),
(275, 'CSD129', '2020-05-23 11:17:22', 1, 'GPS點名', '1c583888-835b-4148-ac5e-c6624f75b15c', '25.06630384889253', '121.51798526400937'),
(276, 'CSD129', '2020-05-23 11:36:32', 1, 'QRcode點名', '8fd656e5-126f-492e-b56d-846cc7dbfc4c', '25.066308703018198', '121.51796322083659'),
(277, 'CSD129', '2020-05-24 19:07:53', 1, '手動點名', 'cacd0e30-19c5-4b75-8857-c6366e5f1b0e', '25.047859199999998', '121.43820799999999'),
(278, 'CSD129', '2020-05-24 19:09:13', 1, 'GPS點名', '0e4ab062-6f2e-42b9-95ff-a94bca0b3985', '25.047859199999998', '121.43820799999999'),
(279, '10811000DMG741D7411023900', '2020-05-27 14:26:58', 1, '手動點名', '43b5c1ba-afde-43c1-848a-be584f34b9d1', '25.036959957116363', '121.43217875335755'),
(280, '10811000DMG741D7411023900', '2020-05-28 04:14:56', 1, 'GPS點名', 'e2a6e159-a8ec-4961-a0f4-371e9ec8189b', '25.05775114957419', '121.51216505961659'),
(281, '10811000DMG741D7411023900', '2020-05-29 08:46:15', 1, '手動點名', '9e30eb5b-226d-4799-ad4f-fce8c92653d8', '25.047859199999998', '121.43493120000001'),
(282, '10811000DMG741D7411023900', '2020-05-29 08:46:17', 0, '手動點名', '9e30eb5b-226d-4799-ad4f-fce8c92653d8', '25.047859199999998', '121.43493120000001'),
(283, '10811000DMG741D7411023900', '2020-05-29 08:47:24', 1, '手動點名', '2e3620e1-1b69-4794-955e-6f29b997c45d', '25.036908', '121.43212260000001'),
(284, '10811000DMG741D7411023900', '2020-05-29 08:57:39', 1, '手動點名', '99b5f5c9-c930-40ae-9405-597d99d0a233', '25.047859199999998', '121.43493120000001'),
(285, 'CSD129', '2020-05-30 11:43:33', 1, 'QRcode點名', 'e287c567-0ac9-40ef-82ce-6038ab5e2f80', '25.02485638094907', '121.5467129939625'),
(286, 'CSD129', '2020-05-30 11:43:57', 1, 'GPS點名', '42af6d38-c6b1-47ac-adf5-6a46eabab4f2', '25.024844672014385', '121.54670777215391'),
(287, 'CSD129', '2020-05-30 11:44:11', 0, 'GPS點名', '796eb6f5-07b5-4adf-85a8-a00cc36ac581', '25.024858126757685', '121.54670968164551'),
(288, 'CSD129', '2020-05-30 11:47:01', 1, 'GPS點名', 'adecb19f-4907-4f59-8c24-e91d07547736', '25.02484024752453', '121.54670666665722'),
(289, 'CSD421', '2020-05-30 11:56:04', 1, 'QRcode點名', 'db84b030-8a59-400f-8022-18ad8de6c33a', '25.024858126246414', '121.54670975322198'),
(290, 'CSD421', '2020-05-30 11:57:17', 1, 'GPS點名', 'bab05e37-c341-4c36-8986-496d9807c132', '25.025005503532512', '121.54680020876503'),
(291, 'CSD421', '2020-05-30 11:57:59', 1, '手動點名', '5384b0e7-4fca-4e79-96b8-393d2ac14e55', '25.02485943010107', '121.54671010788485'),
(292, 'CSD421', '2020-05-30 11:58:18', 1, '手動點名', '2a112ab8-c077-4c17-8b2c-b065b8bc7cb9', '25.02485968776676', '121.54670946812098'),
(293, 'CSD421', '2020-06-01 07:26:39', 1, 'GPS點名', '0959d95d-8071-4cc2-8d67-f1595c307ca4', '25.037842645351038', '121.43033151334679'),
(294, 'CSD421', '2020-06-01 07:27:15', 1, 'QRcode點名', '2b6637ef-b8cb-4395-aa93-f07312724f62', '25.03786309435316', '121.4303244375799'),
(295, 'CSD421', '2020-06-01 07:27:31', 1, '手動點名', 'c0703fee-b0ca-4480-b06d-bd671692ecf5', '25.037862667081836', '121.43032393027215'),
(296, 'CSD421', '2020-06-03 12:29:43', 1, '手動點名', 'd1e443f5-b581-4661-9555-77fd6dab872f', '25.047859199999998', '121.43493120000001'),
(297, 'CSD421', '2020-06-03 12:29:52', 1, '手動點名', '92131e1b-6e33-4d74-8afb-0f9c60d4dca5', '25.047859199999998', '121.43493120000001'),
(298, 'CSD421', '2020-06-03 12:31:00', 1, '手動點名', '5b6b3111-f580-407f-8fce-ae97637fd0ce', '25.047859199999998', '121.43493120000001'),
(299, '10811000DMG741D7411023900', '2020-06-04 10:08:37', 1, 'QRcode點名', '6b7a0027-34f6-4bf7-83c3-36289ddbe0f5', '25.08114685649986', '121.49493840937475'),
(300, '10811000DMG741D7411023900', '2020-06-04 10:09:32', 1, 'QRcode點名', '306858ca-f181-4ffa-b69a-c2f3f1eb643f', '25.081137462979395', '121.4949408951632'),
(301, '10811000DMG741D7411023900', '2020-06-04 10:11:27', 1, 'QRcode點名', '1567498e-bed3-424a-8f8d-b63828bceb22', '25.08111231985001', '121.49487705927562'),
(302, '10811000DMG741D7411023900', '2020-06-04 10:13:26', 1, 'QRcode點名', 'b4404710-81ba-43b1-8a83-5e03e7516819', '25.081107253341173', '121.49488371787939'),
(303, '10811000DMG741D7411023900', '2020-06-04 10:18:33', 1, 'QRcode點名', 'e7769128-ad5e-426d-af67-49bd41dcb350', '25.08110538000553', '121.49488614604334'),
(304, 'CSD421', '2020-06-04 14:30:52', 1, 'GPS點名', '58a3a2b2-375e-4a4b-adc9-b8d506c92854', '25.037000529510994', '121.43218914875021'),
(305, 'CSD111', '2020-06-06 16:06:57', 1, 'GPS點名', '499e7d80-bd81-4353-b333-74c08781316c', '25.057662929738065', '121.5122523081425'),
(306, 'CSD111', '2020-06-06 16:12:49', 1, 'QRcode點名', 'c6d9eec6-a1e7-4183-9b73-bd1eb4fea939', '25.057632167233614', '121.51225808947811');

-- --------------------------------------------------------

--
-- 資料表結構 `student`
--

CREATE TABLE `student` (
  `std_id` int(11) NOT NULL,
  `std_password` varchar(100) NOT NULL,
  `std_name` varchar(10) NOT NULL,
  `std_gender` varchar(10) NOT NULL,
  `std_department` varchar(10) NOT NULL,
  `std_phone` varchar(20) DEFAULT NULL,
  `std_mail` varchar(30) NOT NULL,
  `std_image` varchar(50) DEFAULT NULL,
  `role` varchar(10) NOT NULL DEFAULT 'ROLE_USER',
  `enabled` int(1) NOT NULL DEFAULT '1'
) ENGINE=InnoDB DEFAULT CHARSET=utf8;

--
-- 傾印資料表的資料 `student`
--

INSERT INTO `student` (`std_id`, `std_password`, `std_name`, `std_gender`, `std_department`, `std_phone`, `std_mail`, `std_image`, `role`, `enabled`) VALUES
(106331045, '$2a$10$z.2huFLYDa3soHJuNxaYReX4B/wXTwu/M2dFbCakc7EYp6sO8t25K', '郭宇桐', '男', '商設三', '0983721000', 'michael870909@gmail.com', NULL, 'ROLE_USER', 1),
(111111111, '$2a$10$KY6CqMKMHgDUkMM8EnxTquzGy3yIJt8s5FgUHPFkePDIpw1P6Crs6', '111', '111', '111', '1111111111', '4654564@456456', NULL, 'ROLE_USER', 1),
(405401231, '$2a$10$zxsJHfsjekKbUIJrMdJj.eAh9IYnasIUMdiGDgH0oBC1zbmpeDBsC', '簡豪廷', '男', '資管三甲', '0999999999', 'haoting@gmail.com', NULL, 'ROLE_USER', 1),
(406401000, '$2a$10$KY6CqMKMHgDUkMM8EnxTquzGy3yIJt8s5FgUHPFkePDIpw1P6Crs6', '楊子萱', '女', '資管一甲', '0915188857', 'xk4871225@gmail.com', NULL, 'ROLE_USER', 1),
(406401103, '$2a$10$B7c53uEFEhUmxpNGlrSUwOdRb12fhq.CQsr/b8XvpohaxhZ/M2J8q', '林稟峰', '男', '資訊管理', '0953193091', 'alex397850@gmail.com', NULL, 'ROLE_USER', 1),
(406401109, '$2a$10$KY6CqMKMHgDUkMM8EnxTquzGy3yIJt8s5FgUHPFkePDIpw1P6Crs6', '沈大為', '男', '資管三甲', '0988842422', '406401109@gapp.fju.edu.tw', NULL, 'ROLE_USER', 1),
(406401202, '$2a$10$KY6CqMKMHgDUkMM8EnxTquzGy3yIJt8s5FgUHPFkePDIpw1P6Crs6', '李佩倫', '女', '資訊管理系', '0958236052', 'melisaalee0609@gmail.com', NULL, 'ROLE_USER', 1),
(406401520, '$2a$10$KY6CqMKMHgDUkMM8EnxTquzGy3yIJt8s5FgUHPFkePDIpw1P6Crs6', '郭珊妮', '女', '國貿二', '0989378660', 'guo3ni@gmail.com', NULL, 'ROLE_USER', 1),
(406401599, '$2a$10$4VXRWomdM5ZnCE6eJbB7SOVhvLKqZxGm9.g1fSUK.VQrY24ktSuy2', '楊家誠', '男', '資訊管理系', '0988971597', 's25506683@gmail.com', NULL, 'ROLE_USER', 1),
(406401616, '$2a$10$KY6CqMKMHgDUkMM8EnxTquzGy3yIJt8s5FgUHPFkePDIpw1P6Crs6', '黃瀚頡', '男', '資訊管理系', '0928600451', 'henry60406@gmail.com', NULL, 'ROLE_USER', 1),
(406401628, '$2a$10$KY6CqMKMHgDUkMM8EnxTquzGy3yIJt8s5FgUHPFkePDIpw1P6Crs6', '程榆晴', '女', '資訊管理系', '0963293341', 'lisa293341@gmail.com', NULL, 'ROLE_USER', 1),
(406401632, '$2a$10$KY6CqMKMHgDUkMM8EnxTquzGy3yIJt8s5FgUHPFkePDIpw1P6Crs6', '羊屁成', '男', '資訊管理系', '0987658391', 'haks@gmail.com', NULL, 'ROLE_USER', 1),
(406401654, '$2a$10$KY6CqMKMHgDUkMM8EnxTquzGy3yIJt8s5FgUHPFkePDIpw1P6Crs6', '陳學義', '男', '資訊管理系', '098763745', 'fafafa@gmail.com', NULL, 'ROLE_USER', 1),
(406401878, '$2a$10$GcllpcExihlt/bBcvXbBAetP0V9MJaCFKEcBxuNPiP25Bj4xzuLSG', '程啊晴', '女', '資管', '0963293341', '406401628@mail.fju.edu.tw', NULL, 'ROLE_USER', 1),
(406402485, '$2a$10$KY6CqMKMHgDUkMM8EnxTquzGy3yIJt8s5FgUHPFkePDIpw1P6Crs6', '黃浩劫', '男', '資訊管理系', '0974658167', 'Gap232@gmail.com', NULL, 'ROLE_USER', 1),
(406402488, '$2a$10$KY6CqMKMHgDUkMM8EnxTquzGy3yIJt8s5FgUHPFkePDIpw1P6Crs6', '褚濠瑞', '男', '資訊管理系', '1234567890', 'rain20202tw@gmail.com', NULL, 'ROLE_USER', 1),
(406412469, '$2a$10$TvrkhEcU9jnLIOptFF3hEOeiWWLKDjX1fR3DhSbI9.dUW7ZpINhW.', '蔡皓宇', '男', '金企三乙', '0912345678', 'harvey@gmail.com ', NULL, 'ROLE_USER', 1),
(407470250, '$2a$10$C6dOGj1CqV71hwvl7DfCEuDiGUESY90C1S42pFTtgQiPGJCfMCCvG', '黃盈如', '女', '營養二', '0987777888', 'Wendy@gmail.com', NULL, 'ROLE_USER', 1);

-- --------------------------------------------------------

--
-- 資料表結構 `takeleave`
--

CREATE TABLE `takeleave` (
  `tl_id` int(100) NOT NULL,
  `rc_id` int(50) NOT NULL,
  `std_id` int(11) NOT NULL,
  `tl_content` varchar(100) DEFAULT NULL,
  `tl_state` int(3) NOT NULL DEFAULT '0',
  `tl_type_id` int(11) NOT NULL,
  `tl_createtime` timestamp NULL DEFAULT NULL
) ENGINE=InnoDB DEFAULT CHARSET=utf8;

--
-- 傾印資料表的資料 `takeleave`
--

INSERT INTO `takeleave` (`tl_id`, `rc_id`, `std_id`, `tl_content`, `tl_state`, `tl_type_id`, `tl_createtime`) VALUES
(1, 302, 406401628, '請', 1, 5, '2020-06-04 13:09:48'),
(4, 74, 406401109, '身體不適', 1, 4, '2020-05-07 13:33:34'),
(5, 76, 406401202, '車子拋錨', 2, 5, '2020-05-07 13:36:16'),
(9, 76, 406401599, '身體餔不舒服', 1, 4, '2020-05-07 15:20:01'),
(11, 70, 406401616, '我去比賽', 2, 7, '2020-05-14 15:15:22'),
(18, 74, 406401599, '森病ㄌ', 1, 4, '2020-05-17 10:31:13'),
(19, 193, 406401520, '', 1, 5, '2020-05-19 11:29:05'),
(20, 216, 406401628, '我要驗收哈哈', 1, 7, '2020-05-19 13:40:25'),
(22, 216, 406401202, '身體不舒服QQ', 1, 4, '2020-05-19 13:40:54'),
(23, 215, 406401202, '出去比賽呦', 1, 5, '2020-05-19 13:42:14'),
(25, 122, 406401616, '去比賽', 1, 7, '2020-05-19 13:43:07'),
(26, 122, 406401628, '我頭髮痛', 1, 4, '2020-05-19 13:47:57'),
(29, 240, 406401616, '老師我要去比賽', 1, 7, '2020-05-21 04:09:49'),
(30, 240, 406401628, '今天要驗收', 1, 5, '2020-05-21 04:09:55'),
(31, 243, 406401628, '今天驗收', 1, 5, '2020-05-21 04:39:50'),
(32, 290, 406412469, '太帥', 2, 7, '2020-05-30 12:00:58'),
(34, 238, 406401628, '頭疼', 0, 4, '2020-06-03 09:37:16'),
(35, 74, 406401616, '我要請假', 1, 0, '2020-06-03 10:42:39'),
(36, 75, 406401616, '生病', 2, 4, '2020-06-03 10:43:45'),
(37, 89, 406401632, '我', 2, 4, '2020-06-03 11:01:37'),
(38, 90, 406401632, '在', 2, 7, '2020-06-03 11:02:12'),
(39, 115, 406401632, '這', 1, 5, '2020-06-03 11:04:55'),
(40, 290, 407470250, '你', 1, 5, '2020-06-03 11:22:17'),
(41, 293, 407470250, '這樣', 2, 7, '2020-06-03 11:26:02'),
(42, 292, 407470250, '這', 1, 5, '2020-06-03 11:26:09'),
(43, 295, 407470250, '這', 1, 4, '2020-06-03 11:26:17'),
(44, 291, 407470250, '11', 1, 5, '2020-06-03 12:48:45'),
(45, 298, 407470250, '11', 2, 0, '2020-06-03 12:49:42'),
(46, 287, 407470250, '555sssssss55aaaa', 0, 4, '2020-06-03 14:53:42'),
(47, 288, 407470250, '5555aaa', 0, 4, '2020-06-03 15:04:03'),
(48, 74, 406401628, '呵呵', 2, 5, '2020-06-04 11:19:50'),
(49, 303, 406401628, '我想要請個假', 1, 7, '2020-06-04 12:56:01'),
(50, 300, 406401628, '我頭髮斷了', 1, 6, '2020-06-04 13:03:19'),
(52, 301, 406401628, '試試看', 1, 4, '2020-06-04 13:50:22'),
(53, 299, 406401628, '現在請', 2, 5, '2020-06-04 13:52:39'),
(54, 283, 406401628, '在世一次', 2, 7, '2020-06-04 13:55:10'),
(55, 281, 406401628, '嗨', 1, 0, '2020-06-04 13:56:11'),
(56, 280, 406401628, '嗨嗨', 1, 6, '2020-06-04 13:57:12'),
(57, 231, 406401628, '在申請', 1, 6, '2020-06-04 13:59:39'),
(58, 305, 406401103, '不爽來', 2, 5, '2020-06-06 16:08:38'),
(59, 305, 406401599, '生病惹\n', 1, 4, '2020-06-06 16:08:40'),
(60, 306, 406401103, '離太遠了～～', 1, 5, '2020-06-06 16:17:42'),
(61, 89, 406401628, '我要請假', 1, 6, '2020-06-07 08:44:27');

-- --------------------------------------------------------

--
-- 資料表結構 `takeleave_type`
--

CREATE TABLE `takeleave_type` (
  `tl_type_id` int(11) NOT NULL,
  `tl_type_name` varchar(10) NOT NULL
) ENGINE=InnoDB DEFAULT CHARSET=utf8;

--
-- 傾印資料表的資料 `takeleave_type`
--

INSERT INTO `takeleave_type` (`tl_type_id`, `tl_type_name`) VALUES
(0, '缺席'),
(1, '出席'),
(2, '遠距簽到'),
(3, '遲到'),
(4, '病假'),
(5, '事假'),
(6, '喪假'),
(7, '公假'),
(8, '審核未通過');

-- --------------------------------------------------------

--
-- 資料表結構 `teacher`
--

CREATE TABLE `teacher` (
  `teacher_id` int(11) NOT NULL,
  `teacher_password` varchar(100) NOT NULL,
  `teacher_name` varchar(10) NOT NULL,
  `teacher_gender` varchar(10) NOT NULL,
  `teacher_department` varchar(10) NOT NULL,
  `teacher_phone` varchar(20) DEFAULT NULL,
  `teacher_mail` varchar(30) NOT NULL,
  `teacher_office` varchar(10) DEFAULT NULL,
  `teacher_image` varchar(50) DEFAULT NULL,
  `role` varchar(10) NOT NULL DEFAULT 'ROLE_ADMIN',
  `enabled` int(1) NOT NULL DEFAULT '1'
) ENGINE=InnoDB DEFAULT CHARSET=utf8;

--
-- 傾印資料表的資料 `teacher`
--

INSERT INTO `teacher` (`teacher_id`, `teacher_password`, `teacher_name`, `teacher_gender`, `teacher_department`, `teacher_phone`, `teacher_mail`, `teacher_office`, `teacher_image`, `role`, `enabled`) VALUES
(12333, '$2a$10$cnyVJt9cEoxCtphdn8fHIelyVciPSUFXl2bL8Bs4hQ4ngafjbktTK', '成某某', '女', '資管系', '0963293341', 'lisa293341@gmail.com', 'LM123', NULL, 'ROLE_ADMIN', 1),
(12345, '$2a$10$g1F.qsAaz2j5TYp6FNjgxOiYGJIMyiUyVQqcipTFDrml2BtF6ZHje', '林文修', '男', '資管系', '0988971597', 'qrgosystem@gmail.com', 'BS618', NULL, 'ROLE_ADMIN', 1),
(16283, '$2a$10$RNFOmLsziJdFVHAd2r8/lOp93O5eAaf/2jfD8IkoV/.Fvt.KTK6xu', '吳濟聰', '男', '資訊管理系', '0988765433', '406401109@gapp.fju.edu.tw', 'MD117', NULL, 'ROLE_ADMIN', 1),
(16666, '$2a$10$Avh7Kplkh5O/2VMy1e5hM.UkMEZGaNOz/pA4C5u0PvVSlrn0zbOtO', '李老師', '女', '資管', '0958236052', 'melissalee0609@yahoo.com.tw', 'MD171', NULL, 'ROLE_ADMIN', 1),
(22345, '$2a$10$2LeWeJxrodc/O/OInN26Ve1auZkX42fnGXCIG5DyuC/LmhAztqYDm', '俊民', '男', '資訊管理系', '0988637294', 'siejdfoew@gmail.com', 'SF440', NULL, 'ROLE_ADMIN', 1),
(54321, '$2a$10$Etd18LsUHF7TFNL6.ryvv.TKyDZrFLwp6fZ6hQ5qytl6Uqyi/5aP.', '楊家誠', '男', '資訊管理學系', '0988971597', 's25506683@gmail.com', 'LM321', NULL, 'ROLE_ADMIN', 1),
(98765, '$2a$10$/Vn9S3ljI4Bb7s.zykJjH.ac1LZPcMzoGOLNy1xuRWOrUiug5lOKS', '陳子立', '男', '資管系', '0988971597', 's25506683@gmail.com', 'LM336', NULL, 'ROLE_ADMIN', 1);

--
-- 已傾印資料表的索引
--

--
-- 資料表索引 `acceptance`
--
ALTER TABLE `acceptance`
  ADD PRIMARY KEY (`accept_id`),
  ADD KEY `accept_std_id` (`accept_std_id`),
  ADD KEY `accept_hw_id` (`accept_hw_id`);

--
-- 資料表索引 `announcement`
--
ALTER TABLE `announcement`
  ADD PRIMARY KEY (`at_id`),
  ADD KEY `cs_id` (`cs_id`);

--
-- 資料表索引 `class`
--
ALTER TABLE `class`
  ADD PRIMARY KEY (`cs_id`);

--
-- 資料表索引 `class_student`
--
ALTER TABLE `class_student`
  ADD PRIMARY KEY (`cs_id`,`std_id`),
  ADD KEY `std_id` (`std_id`);

--
-- 資料表索引 `class_teacher`
--
ALTER TABLE `class_teacher`
  ADD PRIMARY KEY (`cs_id`,`teacher_id`),
  ADD KEY `teacher_id` (`teacher_id`);

--
-- 資料表索引 `comment_box`
--
ALTER TABLE `comment_box`
  ADD PRIMARY KEY (`cb_id`),
  ADD KEY `q_id` (`q_id`),
  ADD KEY `std_id` (`std_id`);

--
-- 資料表索引 `homework`
--
ALTER TABLE `homework`
  ADD PRIMARY KEY (`hw_id`),
  ADD KEY `hw_cs_id` (`hw_cs_id`);

--
-- 資料表索引 `question`
--
ALTER TABLE `question`
  ADD PRIMARY KEY (`q_id`),
  ADD KEY `q_std_id` (`q_std_id`),
  ADD KEY `cs_id` (`cs_id`);

--
-- 資料表索引 `rc_record`
--
ALTER TABLE `rc_record`
  ADD PRIMARY KEY (`record_id`),
  ADD KEY `rc_id` (`rc_id`),
  ADD KEY `std_id` (`std_id`),
  ADD KEY `rc_record_ibfk_3` (`tl_type_id`);

--
-- 資料表索引 `rollcall`
--
ALTER TABLE `rollcall`
  ADD PRIMARY KEY (`rc_id`),
  ADD KEY `cs_id` (`cs_id`);

--
-- 資料表索引 `student`
--
ALTER TABLE `student`
  ADD PRIMARY KEY (`std_id`);

--
-- 資料表索引 `takeleave`
--
ALTER TABLE `takeleave`
  ADD PRIMARY KEY (`tl_id`),
  ADD KEY `rc_id` (`rc_id`),
  ADD KEY `takeleave_ibfk_1` (`tl_type_id`),
  ADD KEY `std_id` (`std_id`);

--
-- 資料表索引 `takeleave_type`
--
ALTER TABLE `takeleave_type`
  ADD PRIMARY KEY (`tl_type_id`);

--
-- 資料表索引 `teacher`
--
ALTER TABLE `teacher`
  ADD PRIMARY KEY (`teacher_id`);

--
-- 在傾印的資料表使用自動遞增(AUTO_INCREMENT)
--

--
-- 使用資料表自動遞增(AUTO_INCREMENT) `acceptance`
--
ALTER TABLE `acceptance`
  MODIFY `accept_id` int(11) NOT NULL AUTO_INCREMENT, AUTO_INCREMENT=85;

--
-- 使用資料表自動遞增(AUTO_INCREMENT) `announcement`
--
ALTER TABLE `announcement`
  MODIFY `at_id` int(11) NOT NULL AUTO_INCREMENT, AUTO_INCREMENT=34;

--
-- 使用資料表自動遞增(AUTO_INCREMENT) `comment_box`
--
ALTER TABLE `comment_box`
  MODIFY `cb_id` int(11) NOT NULL AUTO_INCREMENT, AUTO_INCREMENT=2;

--
-- 使用資料表自動遞增(AUTO_INCREMENT) `homework`
--
ALTER TABLE `homework`
  MODIFY `hw_id` int(11) NOT NULL AUTO_INCREMENT, AUTO_INCREMENT=29;

--
-- 使用資料表自動遞增(AUTO_INCREMENT) `question`
--
ALTER TABLE `question`
  MODIFY `q_id` int(11) NOT NULL AUTO_INCREMENT, AUTO_INCREMENT=108;

--
-- 使用資料表自動遞增(AUTO_INCREMENT) `rc_record`
--
ALTER TABLE `rc_record`
  MODIFY `record_id` int(100) NOT NULL AUTO_INCREMENT, AUTO_INCREMENT=1577;

--
-- 使用資料表自動遞增(AUTO_INCREMENT) `rollcall`
--
ALTER TABLE `rollcall`
  MODIFY `rc_id` int(50) NOT NULL AUTO_INCREMENT, AUTO_INCREMENT=307;

--
-- 使用資料表自動遞增(AUTO_INCREMENT) `takeleave`
--
ALTER TABLE `takeleave`
  MODIFY `tl_id` int(100) NOT NULL AUTO_INCREMENT, AUTO_INCREMENT=62;

--
-- 已傾印資料表的限制式
--

--
-- 資料表的限制式 `acceptance`
--
ALTER TABLE `acceptance`
  ADD CONSTRAINT `acceptance_ibfk_1` FOREIGN KEY (`accept_std_id`) REFERENCES `student` (`std_id`) ON DELETE CASCADE ON UPDATE CASCADE,
  ADD CONSTRAINT `acceptance_ibfk_2` FOREIGN KEY (`accept_hw_id`) REFERENCES `homework` (`hw_id`) ON DELETE CASCADE ON UPDATE CASCADE;

--
-- 資料表的限制式 `announcement`
--
ALTER TABLE `announcement`
  ADD CONSTRAINT `announcement_ibfk_1` FOREIGN KEY (`cs_id`) REFERENCES `class` (`cs_id`);

--
-- 資料表的限制式 `class_student`
--
ALTER TABLE `class_student`
  ADD CONSTRAINT `class_student_ibfk_1` FOREIGN KEY (`cs_id`) REFERENCES `class` (`cs_id`),
  ADD CONSTRAINT `class_student_ibfk_2` FOREIGN KEY (`std_id`) REFERENCES `student` (`std_id`) ON DELETE CASCADE ON UPDATE CASCADE;

--
-- 資料表的限制式 `class_teacher`
--
ALTER TABLE `class_teacher`
  ADD CONSTRAINT `class_teacher_ibfk_2` FOREIGN KEY (`teacher_id`) REFERENCES `teacher` (`teacher_id`) ON DELETE CASCADE ON UPDATE CASCADE,
  ADD CONSTRAINT `class_teacher_ibfk_3` FOREIGN KEY (`cs_id`) REFERENCES `class` (`cs_id`);

--
-- 資料表的限制式 `comment_box`
--
ALTER TABLE `comment_box`
  ADD CONSTRAINT `q_id` FOREIGN KEY (`q_id`) REFERENCES `question` (`q_id`),
  ADD CONSTRAINT `std_id` FOREIGN KEY (`std_id`) REFERENCES `student` (`std_id`);

--
-- 資料表的限制式 `homework`
--
ALTER TABLE `homework`
  ADD CONSTRAINT `homework_ibfk_1` FOREIGN KEY (`hw_cs_id`) REFERENCES `class` (`cs_id`);

--
-- 資料表的限制式 `question`
--
ALTER TABLE `question`
  ADD CONSTRAINT `question_ibfk_1` FOREIGN KEY (`q_std_id`) REFERENCES `student` (`std_id`) ON DELETE CASCADE ON UPDATE CASCADE,
  ADD CONSTRAINT `question_ibfk_2` FOREIGN KEY (`cs_id`) REFERENCES `class` (`cs_id`);

--
-- 資料表的限制式 `rc_record`
--
ALTER TABLE `rc_record`
  ADD CONSTRAINT `rc_record_ibfk_1` FOREIGN KEY (`rc_id`) REFERENCES `rollcall` (`rc_id`) ON DELETE CASCADE ON UPDATE CASCADE,
  ADD CONSTRAINT `rc_record_ibfk_2` FOREIGN KEY (`std_id`) REFERENCES `student` (`std_id`) ON DELETE CASCADE ON UPDATE CASCADE,
  ADD CONSTRAINT `rc_record_ibfk_3` FOREIGN KEY (`tl_type_id`) REFERENCES `takeleave_type` (`tl_type_id`) ON DELETE CASCADE ON UPDATE CASCADE;

--
-- 資料表的限制式 `rollcall`
--
ALTER TABLE `rollcall`
  ADD CONSTRAINT `rollcall_ibfk_1` FOREIGN KEY (`cs_id`) REFERENCES `class` (`cs_id`);

--
-- 資料表的限制式 `takeleave`
--
ALTER TABLE `takeleave`
  ADD CONSTRAINT `takeleave_ibfk_1` FOREIGN KEY (`tl_type_id`) REFERENCES `takeleave_type` (`tl_type_id`) ON DELETE CASCADE ON UPDATE CASCADE,
  ADD CONSTRAINT `takeleave_ibfk_2` FOREIGN KEY (`rc_id`) REFERENCES `rollcall` (`rc_id`) ON DELETE CASCADE ON UPDATE CASCADE,
  ADD CONSTRAINT `takeleave_ibfk_3` FOREIGN KEY (`std_id`) REFERENCES `student` (`std_id`) ON DELETE CASCADE ON UPDATE CASCADE;
COMMIT;

/*!40101 SET CHARACTER_SET_CLIENT=@OLD_CHARACTER_SET_CLIENT */;
/*!40101 SET CHARACTER_SET_RESULTS=@OLD_CHARACTER_SET_RESULTS */;
/*!40101 SET COLLATION_CONNECTION=@OLD_COLLATION_CONNECTION */;
